edit_history_tweet_ids,id,text,topic
['1597438201487978496'],1597438201487978496,"@LUIZPATRIOTA39 Que papo de infiltrado! Cai na real: Quem nos apelidou de Bolsonaristas foi a esquerda invejosa. NÃ³s sempre fomos PATRIOTAS CONSERVADORES DE DIREITA. NÃ£o estamos nas frentes dos QuartÃ©is por causa do Presidente Bolsonaro, mas porque fomos roubados nas eleiÃ§Ãµes e outras coisas.",Bolsonaro
['1597438198564917248'],1597438198564917248,"@hospicio_brasil NinguÃ©m aguenta mais esses bolsonaro

https://t.co/rz45EZniWh",Bolsonaro
['1597438197336014848'],1597438197336014848,@TKamogari @claudioedantas De forma alguma. Repare no que escrevi. Patriotas sÃ£o patriotas. Apenas isso. Muito mais rejeitam Lula por seu histÃ³rico e intenÃ§Ãµes declaradas do que apoiam Bolsonaro. Mas existem Patriotas Bolsonaristas. E atÃ© Lulistas tb. SÃ£o grupos que se interpÃµe.,Bolsonaro
['1597438188750278658'],1597438188750278658,@PassosMorando @rafacarrilhor Isso fora o pt quanto ao bolsonaro ele jÃ¡ estÃ¡ fora de qualquer maneira.,Bolsonaro
['1597438168445304832'],1597438168445304832,cade tua voz agora Eduardo bolsonaro ? https://t.co/uA8ViYVEiZ,Bolsonaro
['1597438156332490752'],1597438156332490752,"@DilmaResiste NinguÃ©m aguenta mais esses bolsonaro

https://t.co/rz45EZniWh",Bolsonaro
['1597438145561493504'],1597438145561493504,"@catafoiawins @realpfigueiredo @gilsonmachadont @jairbolsonaro https://t.co/WZ4uKjLI38   
 
A parte do Mercadante vindo de famÃ­lia militar, filho de general e irmÃ£o de coronel Ã©  bem interessante e tendencioso nÃ£o? E esses ex Ã­ntegrantes do governo Bolsonaro e suas afinidades com a equipe de transiÃ§Ã£o? Balela tb?",Bolsonaro
['1597438144009613317'],1597438144009613317,"@flferronato NÃ£o sei se vc sabe, ""miga"", mas esse aÃ­ nÃ£o Ã© o Bolsonaro de verdade, tÃ¡?! ğŸ¤£ğŸ¤£ğŸ¤£ğŸ¤£ğŸ¤£ğŸ¤£",Bolsonaro
['1597438129249873922'],1597438129249873922,"@brunogagliasso NinguÃ©m aguenta mais esses bolsonaro

https://t.co/rz45EZniWh",Bolsonaro
['1597438129127899136'],1597438129127899136,"@marciatiburi NinguÃ©m aguenta mais esses bolsonaro

https://t.co/rz45EZ59I9",Bolsonaro
['1597438125919604737'],1597438125919604737,@CaianLuca Vazou tua foto visitando o Bolsonaro depois que ele perder o foro kkkkkk,Bolsonaro
['1597438110350000128'],1597438110350000128,"NÃ£o se preocupe nÃ£o com o Bolsonaro por q estÃ¡ em silÃªncio ele ainda nÃ£o terminou o seu mandato nÃ£o,em janeiro a populaÃ§Ã£o entregarÃ¡ a faixa de presidente pro atual pela seg:vez aguarde que serÃ¡ uma grande surpresa fiquem tranquilos ok.",Bolsonaro
['1597438107552743424'],1597438107552743424,"@viniciuscfp82 Problema dele!
QUE FIQUE BEM CLARO:
O movimento na frente dos quartÃ©is, Ã© do POVO BRASILEIRO, e nÃ£o de Bolsonaro!
ğŸ‡§ğŸ‡·ğŸ”°ğŸ‡§ğŸ‡·ğŸ”°ğŸ‡§ğŸ‡·ğŸ”°ğŸ‡§ğŸ‡·ğŸ”°ğŸ‡§ğŸ‡·ğŸ”°ğŸ‡§ğŸ‡·ğŸ”°
(SenÃ£o, o povo estaria na frente da casa dele, e nÃ£o nos quartÃ©is).
ğŸ‘ğŸ‘ğŸ‘ğŸ‘ğŸ‘ğŸ‘ğŸ‘ğŸ‘ğŸ‘",Bolsonaro
['1597438104276594689'],1597438104276594689,@MaraCav43367689 @rafaelcdino @QuebrandoOTabu Serio mesmo que vc nÃ£o estÃ¡ vendo? Veja o numero de condenados ou indiciados dos mais de 300 nomes na equipe de transiÃ§Ã£oâ€¦. Obs: Bolsonaro usou 31 de um total de 50 permitidos. Veja o mercado fugindo desse desgoverno que nem tem indicaÃ§Ã£o de ministros ainda. Estamos perdidos,Bolsonaro
['1597438085175705600'],1597438085175705600,"@MrJam78 @desmentindobozo Opa, Estado autoritÃ¡rio? Mas o governo Ã© Bolsonaro. Rsrs.",Bolsonaro
['1597438080289755136'],1597438080289755136,"@jair_telegram @WALLACESACRA @AnticomunismoB Eu nÃ£o confio na Jovem Pan, mas o Paulo de Figueiredo que deu nome aos bois, tem fontes confiÃ¡veis e tem credibilidade! Se nÃ£o fosse esse impasse, Bolsonaro jÃ¡ teria dado a ordem!",Bolsonaro
['1597438078687191040'],1597438078687191040,@Rconstantino Quem disse q o Eduardo bolsonaro estÃ¡ no nosso time? Cara passou o mandato todo sem fazer nada,Bolsonaro
['1597438067391881221'],1597438067391881221,@LUIZPATRIOTA39 Aos poucos o gado tÃ£o acordando da lavagem cerebral que o Bolsonaro fez,Bolsonaro
['1597438066595344384'],1597438066595344384,"@blogdosakamoto Nosso presidente Ã© Jair Messias Bolsonaro, os filhos deles nÃ£o apitam nada aqui!!!!",Bolsonaro
['1597438062929539072'],1597438062929539072,@senadorhumberto Putz famÃ­lia Bolsonaro conseguiu fazer os esquerdalhas ladrÃµes se preocuparem com os patriotas q estÃ¡ na chuva!!!Bolsonaro e sÃ£o fodas!!ğŸ˜‚ğŸ˜‚ğŸ˜‚ğŸ˜‚ğŸ˜‚,Bolsonaro
['1597438062447169536'],1597438062447169536,"@Sen_Cristovam Pois Ã©, Senador,polÃ­tico sensato que Ã©, com certeza o Sr. fez chegar o seu comentÃ¡rio Ã  jornalista petiste  BÃ¡rbare Gancie que usou dessa mesma agressividade, num tom mais forte, ao ter chamado uma menina de 11 anos de idade de pu..., filha do Presidente Bolsonaro. 
Segue a linha",Bolsonaro
['1597438039281672192'],1597438039281672192,"@marcelorubens Eduardo Bolsonaro no Catar sepulta a narrativa da esquerda de que Bolsonaro ou seus filhos estariam fomentando um ""golpe"" no paÃ­s. Ou seja, sÃ³ prova que as manifestaÃ§Ãµes sÃ£o absolutamente orgÃ¢nicas e exclusivas do POVO.",Bolsonaro
['1597438037835010048'],1597438037835010048,@veronikapistore A diferenÃ§a Ã© que eles nÃ£o defendem a esquerda e defendem Bolsonaro que nÃ£o defende controle das redes e nem censura.,Bolsonaro
['1597438028271583233'],1597438028271583233,"@brasil247 NinguÃ©m aguenta mais esses bolsonaro

https://t.co/rz45EZ59I9",Bolsonaro
['1597438020248276993'],1597438020248276993,"@NikoIasFerreira Eu votei no Pesidente Bolsonaro.  NÃ£o votei no filho dele!!!
ForÃ§a Presidente.",Bolsonaro
['1597438014665289728'],1597438014665289728,"@AEmadoPlanalto @FernandoHoliday Bolsonaro nunca foi lider de nada. Ã‰ um chucro. Ele tÃ¡ Ã© pensando agora como se livrar da cadeia e livrar os filhos tbm.
Pq eles odeiam foro privilegiado nÃ©? Agora sem foro serÃ¡ uma maravilha ğŸ˜‚",Bolsonaro
['1597438010261241856'],1597438010261241856,"@GuedinhoeFans IngÃªnuidade pensar que alguÃ©m estÃ¡ na frente dos quartÃ©is, por Bolsonaro e sua famÃ­lia. VocÃªs nÃ£o entenderem nadaâ€¦",Bolsonaro
['1597438009548636160'],1597438009548636160,"@RubensOtoni NÃƒO LUTAMOSD POR EDUARDO BOLSONARO,OU JAIR BOLSONARO;LUTAMOS CONTRA OS TRAIDORES DO BRASIL,LUTAMOS PELA NOSSA LIBERDADE,PELA JUSTIÃ‡A QUE NÃƒO EXISTE MAIS,E CONTRA VOCÃŠS DA IMPRESSA DA FOLHA DE PAGAMENTO DO PT",Bolsonaro
['1597438004922290178'],1597438004922290178,Bolsonaro abaixo do cu de cachorro,Bolsonaro
['1597438002263121920'],1597438002263121920,@Fiuzafirmao2 TODOS OS BRASILEIROS QUE APOIAM BOLSONARO!!!,Bolsonaro
['1597437994503659521'],1597437994503659521,"@realpfigueiredo FamÃ­lia Bolsonaro:

--""Mantenha nosso gado em frente aos quartÃ©is enquanto, precisamos deles"" https://t.co/5C6wZLwVCC",Bolsonaro
['1597437940073779200'],1597437940073779200,"Bolsonaro a mÃ­dia podre nÃ£o te reconheceu, como o grande lÃ­der que o Brasil nunca teve,mas o mundo te reconheceu, sÃ³ um homem sensÃ­vel a dor do prÃ³ximo pode dizer, que atividade essencial Ã© aquela que todo chefe de casa, tem que levar o pÃ£o para famÃ­lia!#BolsonaroOrgulhoDoBrasil https://t.co/ewqtsnfjnt",Bolsonaro
['1597437927155331073'],1597437927155331073,Paulo Guedes e Bolsonaro sÃ£o maconhistas https://t.co/ZU9vxt0IOu,Bolsonaro
['1597437915491188736'],1597437915491188736,MÃ¡ gestÃ£o de Bolsonaro coloca paÃ­s em risco de interrupÃ§Ã£o de serviÃ§os bÃ¡sicos https://t.co/7pZfNARI7v,Bolsonaro
['1597437909933920256'],1597437909933920256,E. Bolsonaro e cÃ´njuge bem  discretos no aeroporto!! https://t.co/g88lDaCWFc,Bolsonaro
['1597437902308651008'],1597437902308651008,@cesarcalejon1 Putz famÃ­lia Bolsonaro conseguiu fazer os esquerdalhas sem cÃ©rebro se preocuparem com os patriotas q estÃ¡ na chuva!!!Bolsonaro e sÃ£o fodas!!ğŸ˜‚ğŸ˜‚ğŸ˜‚ğŸ˜‚ğŸ˜‚,Bolsonaro
['1597437880481492993'],1597437880481492993,jss a menina triste pq a provavel ÃšNICA amiga q ela jÃ¡ teve na vida tava brava com ela e vcs nessa kkk juro eu viro uma mulheres com bolsonaro quando vejo esse tipo de tweet. https://t.co/bbLVeHZs9o,Bolsonaro
['1597437869102022656'],1597437869102022656,"Por mim tambÃ©m jÃ¡ comprou mansÃ£o em Miami, acabou de chegar dela ,foi cancelado shows dele no nordeste. Vai seguir carreira lÃ¡ fora kkkkk tÃ¡ fugindo de vergonha por ter apoiado o Bolsonaro  kkk https://t.co/uFK0Gv0Rf2",Bolsonaro
['1597437834809729025'],1597437834809729025,Deus estÃ¡ contigo MEU PRESIDENTE Jair Bolsonaro https://t.co/a7By36SKNj,Bolsonaro
['1597437830770601985'],1597437830770601985,"@UOLNoticias NÃ£o Ã© democracia. Ã‰ um monte de besta em frente dos quartÃ©is querendo reverter eleiÃ§Ãµes limpas pedindo golpe, a famÃ­lia Bolsonaro jÃ¡ reconheceu o resultado, mas, usa as bestas pra causar tumulto,digo, O gado, desculpe se magoei.",Bolsonaro
['1597437827620671488'],1597437827620671488,"O ministro das comunicaÃ§Ãµes do Governo Bolsonaro assistindo a #CopaDoMundo2022 na TV Globo no conforto do lar com sua famÃ­lia, enquanto os PATRIOTÃRIOS seguem tomando sol e chuva nas portas dos quartÃ©is. Deixe sua risada! ğŸ˜‚ğŸ˜‚ğŸ˜‚ https://t.co/Aj8mUpoNF3",Bolsonaro
['1597437827285123072'],1597437827285123072,"@FernandoHoliday DivisÃ£o: 
direita x puxa sacos do Bolsonaro",Bolsonaro
['1597437809941696512'],1597437809941696512,"@MBLivre Muito obrigada MBL, por divulgar nossas manifestaÃ§Ãµes em frente aos quartÃ©is,  jÃ¡ que a mÃ­dia podre nÃ£o divulga.  Quanto ao Eduardo Bolsonaro,  nÃ£o me interessa,  estou nas ruas pelo meu paÃ­s,  nÃ£o por um Ãºnico homem.",Bolsonaro
['1597437808851181569'],1597437808851181569,"@Iz3Lz @Yago_95fer @direita_pura @PATRlOTAS E quem vota na direita Ã© o que? Enquanto o Bolsonaro e os filhos tÃ£o confortÃ¡veis ganhando muito dinheiro, indo pra copa e vivendo vida boa vcs vÃ£o pra frente de quartel pegar chuva e spray de pimenta. Bolsonaro Ã© comprovadamente corrupto, desde a vida de vereador no RJ",Bolsonaro
['1597437802912055296'],1597437802912055296,"Brasil x CamarÃµes, e ainda na
 Globo, Ã© indejesto pro Bolsonaro. Por falar nisso, acabou as eleiÃ§Ãµes, fim das internaÃ§Ãµes. Agora Ã© sÃ³ alimentando o gado das falsas esperanÃ§a que o ExÃ©rcito vai tomar o poder. Isso ainda vai dar cana prum monte de imbecil.Ã‰ sÃ³ esperar 1Â° de Janeiro",Bolsonaro
['1597437802727079936'],1597437802727079936,"@HenkinAlana @AndreJanonesAdv @BolsonaroSP A gente quer ver Ã© Bolsonaro,pelo menos atÃ© o dia 31/12/2022
ğŸ¤®ğŸ¤®",Bolsonaro
['1597437798038245377'],1597437798038245377,"@djcesar06092 @rodrigoluisvelo @monark @alexandre Me admiro com a galera da direita ficar defendendo as regalias de bolsonaro, famÃ­lia e comparsas. MansÃµes luxuosas, pintaÃ§Ã£o de clima com menores de idade, rachadinhas, sigilos e muito mais. TÃ¡ se cagando enquanto o dia 1 de janeiro se aproxima. Nunca serÃ¡ presidente de novo.",Bolsonaro
['1597437773966766080'],1597437773966766080,"Ã‰ ISSO MESMO! Mark Zuckerberg PERDEU mais de US$ 100 BILHÃ•ES em 1 ÃšNICO ANO e DESPENCA em listas de bilionÃ¡rios! 

- - -
#: Sem Neymar , Lacrou , Bruno GuimarÃ£es , Everton Ribeiro, craque , Sarah , #ProvaDeFogo , Eduardo Bolsonaro , Brasil e FranÃ§a , BR-376 . https://t.co/nzXydYvQj3",Bolsonaro
['1597437769235955713'],1597437769235955713,@Rconstantino NÃ£o sou Bolsonarista e tu jÃ¡ disse que nÃ£o Ã© tbm mas parece que nÃ£o pois a famÃ­lia Bolsonaro nÃ£o sÃ£o os Ãºnicos representantes da direita!,Bolsonaro
['1597437758254985216'],1597437758254985216,"@LosPollos666 @deangelisrafael @jairmearrependi Nosso movimento em frente aos quartÃ©is, nÃ£o Ã© pelo Bolsonaro, e sim para que um ladrÃ£o corrupto safado, nÃ£o venha governar nosso paÃ­s, pois o mesmo teve ajudinha das putinhas dele e fraudaram essas eleiÃ§Ãµes",Bolsonaro
['1597437756082642944'],1597437756082642944,"@CletoSposito @Yago_95fer @PATRlOTAS Cuidado que se a direita rachar Ã© rapaz da famÃ­lia Bolsonaro dividir com os parentes, jÃ¡ que o negÃ³cio deles Ã© rachadinha",Bolsonaro
['1597437752655876101'],1597437752655876101,"@atllas__ telezÃ©, eu pensava que tinha seguido o bolsonaro pra aparecer ele, q susto",Bolsonaro
['1597437749656969216'],1597437749656969216,"#JuniorJ 
#bolsonaro #gleisihoffmann #blindado
Bolsonaro INVESTE pesado no EXÃ‰RCITO e Gleisi Hoffmann dÃ¡ CHILIQUE
*Tanques Amantes x ""Tanques$ Russos !""*
https://t.co/Sx9s4uk5eE https://t.co/Okw4c0b77a",Bolsonaro
['1597437739934572547'],1597437739934572547,"@rd12493055 @Damadeferroofic Se eles quisessem fazer isso, jÃ¡ teriam feito, eu acho, muitos jÃ¡ entenderam como ocorre a manifestaÃ§Ã£o. E outra, Bolsonaro estÃ¡ calado quem insinua que ele incentiva isso, estÃ¡ literalmente mentindo",Bolsonaro
['1597437737623519234'],1597437737623519234,"@GabyLabree Gosto muito das suas postagens, sem segundas intenÃ§Ãµes, mas reparei que nem o Bolsonaro vocÃª  segue, sÃ³  uma curiosidade....",Bolsonaro
['1597437737162113024'],1597437737162113024,Eu tÃ´ ficando com Ã³dio esse Eduardo bolsonaro vai assistir jogo da seleÃ§Ã£o brasileira no Catar que tem muitos babacas fechando rodovia impedindo dos motoristas sair da cidade pra outra por causa do bolsonaro esses bolsonaristas sÃ£o muito idiotas mesmo,Bolsonaro
['1597437735165652992'],1597437735165652992,@ReginaRamao @eduardomoreira Putz famÃ­lia Bolsonaro conseguiu fazer os esquerdalhas se preocuparem com os patriotas q estÃ¡ na chuva!!!Bolsonaro e sÃ£o fodas!!ğŸ˜‚ğŸ˜‚ğŸ˜‚ğŸ˜‚ğŸ˜‚,Bolsonaro
['1597437734133854208'],1597437734133854208,@OJesseSilveira @AndreHenning Ta pq Bolsonaro perdeu.,Bolsonaro
['1597437702294544385'],1597437702294544385,"@Alberto03901478 @deangelisrafael @vaidesmaiar Ow SEU MOLEKE DOENTE IMBECIL, Por que no brasil tem 58 milhoes onde 95% sÃ£o ricos fudidos que sÃ³ pensam em se mesmos e que querem bolsonaro denovo por que ganharam muito dinheiro com o governo bolsonaro, e o pobre? o pobre ganhou o que? o pobre ganhou foi caristia no mercado",Bolsonaro
['1597437691419058176'],1597437691419058176,Postado a poucas horas no Bolsonaro Tv. https://t.co/VbmwT4q9fO,Bolsonaro
['1597437689498071041'],1597437689498071041,"- VocÃª viu o Eduardo Bolsonaro na Copa??

- Vi, e daÃ­!?

- VocÃª vai continuar na rua, na chuva e ele passeando no Qatar!?

- Claro! NÃ£o tÃ´ na rua por causa do Eduardo Bolsonaro nem por causa de nenhum polÃ­tico, tÃ´ na rua por causa dos meus filhos, pela Liberdade e pelo meu paÃ­s!",Bolsonaro
['1597437685547008005'],1597437685547008005,@jose_simao Se vocÃª nÃ£o reparou o povo luta pelo Brasil e nÃ£o pelo filho do Bolsonaro figura repulsiva. VocÃª sintetiza a esquerda: sem graÃ§a e sem carÃ¡ter.,Bolsonaro
['1597437676809965568'],1597437676809965568,@eduardomoreira Putz famÃ­lia Bolsonaro conseguiu fazer os esquerdalhas se preocuparem com os patriotas q estÃ¡ na chuva!!!Bolsonaro e sÃ£o fodas!!ğŸ˜‚ğŸ˜‚ğŸ˜‚ğŸ˜‚ğŸ˜‚,Bolsonaro
['1597437676734808064'],1597437676734808064,"@murilopsx @ConservSandro @ChagaLuccas @elysveiga @GFiuza_Oficial O PL se recusou a dar o relatÃ³rio do primeiro turno porque mesmo tirando as tais 450 mil urnas ""com indÃ­cios"", bolsonaro perderia com percentual menor... E mesmo assim ele insistiram na cagada... Heheh...",Bolsonaro
['1597437640839933952'],1597437640839933952,"... agora, que esse Eduardo Bolsonaro Ã© essa Zambeli desgastaram a imagem do Presidente, disso nÃ£o tenho dÃºvidas. Mas continuo Bolsonaro, atÃ© debaixo d'Ã¡gua! https://t.co/m5qj2wEKqV",Bolsonaro
['1597437631562133504'],1597437631562133504,"@RomuloBDias Fiquem firmes bando de PATRIDIOSTAS kkkkkkk ğŸ„ğŸ¼ğŸ¤¡ğŸ„ğŸ„ğŸ„ğŸ„
ANISTIA NÃƒO
ANISTIA NÃƒO
BOLSONARO NA CADEIA
BOLSONARO NA CADEIA
ANISTIA NÃƒO
BOLSONARO NA CADEIA
MALAFAIA NA CADEIA
TERRORISTAS DO BOLSONARO
GOLPISTAS NA CADEIA
TCHAU QUERIDO 
BOLSONARO QUEBROU O BRASIL
BOLSONARISMO MATA",Bolsonaro
['1597437623932682240'],1597437623932682240,@77_frota E precisou do Eduardo Bolsonaro aparecer na TV para o consÃ³rcio noticiar que hÃ¡ patriotas na frente dos quartÃ©is.,Bolsonaro
['1597437622426927104'],1597437622426927104,"@kakaulux53 @realpfigueiredo @Guilher18604572 @gilsonmachadont SÃ£o muitas coisas envolvidas, muitas pessoas, muitas cabeÃ§as, nÃ£o podemos esquecer que Bolsonaro estÃ¡ hÃ¡ 4 anos apÃ³s quantos anos de esquerda? Ã‰ muito complicado tudo isso. Mas seguimos com fÃ© em Deus e vamos vencer.",Bolsonaro
['1597437614021545984'],1597437614021545984,"@Carla608311821 @rafacarrilhor Exatamente mudar a narrativa sem ideologia,apenas puro jogo de palavras para manter os panacas nas. A merda Lula e Bolsonaro.",Bolsonaro
['1597437600675299328'],1597437600675299328,@QuebrandoOTabu Turminha da bolha ainda nÃ£o entendeu que nÃ£o Ã© mais sobre Lula ou Bolsonaroâ€¦ https://t.co/MjMHm4yLz7,Bolsonaro
['1597437581926764546'],1597437581926764546,@lolaescreva Foi o bolsonaro que autorizou ele receber o valor?,Bolsonaro
['1597437573319692289'],1597437573319692289,"@Rconstantino Mas eles estÃ£o certo, Eduardo nÃ£o tÃ¡ nem aÃ­, FlÃ¡vio Ã© quase que comprovadamente corrupto nas rachadinhas e Bolsonaro sumiu, tÃ¡ calado se afastou, perdeu perdeu continua sendo lÃ­der tem que lÃ­derar o que acreditam nele nÃ£o pra guerra mas pra prÃ³xima eleiÃ§Ã£o porra",Bolsonaro
['1597437572963217408'],1597437572963217408,@LUIZPATRIOTA39 Vai apoiar o Bolsonaro entao!ğŸ˜€ğŸ‘,Bolsonaro
['1597437571759755264'],1597437571759755264,"Governo Bolsonaro bloqueia R$ 5,7 bi e amplia risco de 'apagÃ£o em serviÃ§os'
Caso a nova trava precise ser implementada pela equipe econÃ´mica, o bloqueio total chegarÃ¡ a R$ 15,4 bilhÃµes, deixando poucos recursos para a mÃ¡quina pÃºblica

https://t.co/OPwbOhAJqJ",Bolsonaro
['1597437564520402944'],1597437564520402944,@jairbolsonaro E aÃ­ Bolsonaro jÃ¡ entregou o osso ou vai fazer igual o Trump causar uma guerra civil no Brasil.,Bolsonaro
['1597437560225419264'],1597437560225419264,"Me descupe, o mundo nÃ£o gira somente no Umbigo do Eduardo Bolsonaro. Nossa luta Ã© conhecida pela Bravura e Patriotismo do povo Brasileiro! https://t.co/e4qKqHK5D0",Bolsonaro
['1597437547969654785'],1597437547969654785,@NeliPereira13 @Simoura93147924 @palpiteiroprofi Grave: Generais estavam passando informaÃ§Ãµes p Alexandre de Moraes sobre reuniÃµes c Bolsonaro atravÃ©s d chefe d gabinete. InformaÃ§Ã£o d jornalista Paulo Figueiredo da @JovemPanNews. Paulo Ã© neto d Gen. Figueiredo e tem bons relacionamentos na Ã¡rea militar.  https://t.co/rw0nYV1kUS,Bolsonaro
['1597437531888713731'],1597437531888713731,"@octavio_guedes Amigo, nÃ£o vi uma faixa escrito bolsonaro nos quartÃ©is, acho q nÃ£o estÃ£o lÃ¡ por ele.... pesquise melhor",Bolsonaro
['1597437516906627072'],1597437516906627072,"@JornalOGlobo MENTIRA!!!
ğŸ¤«ğŸ¤«ğŸ¤«ğŸ¤«ğŸ¤«ğŸ¤«ğŸ¤«ğŸ¤«ğŸ¤«ğŸ¤«ğŸ¤«ğŸ¤«
O MOVIMENTO NA FRENTE DOS QUARTÃ‰IS, Ã‰ DO POVO BRASILEIRO, E NÃƒO DE BOLSONARO!
ğŸ”°ğŸ‡§ğŸ‡·ğŸ”°ğŸ‡§ğŸ‡·ğŸ”°ğŸ‡§ğŸ‡·ğŸ”°ğŸ‡§ğŸ‡·ğŸ”°ğŸ‡§ğŸ‡·ğŸ”°ğŸ‡§ğŸ‡·
(SenÃ£o, estarÃ­amos gritando na frente da casa dele).ğŸ‘ğŸ‘ğŸ‘ğŸ‘",Bolsonaro
['1597437513463103488'],1597437513463103488,@GloboNews @NatuzaNery @CesarTralli E agora vcs vÃ£o defender que o presidente nÃ£o pode nomear alguÃ©m que seja amigo dele? O impedimento sÃ³ valia p Bolsonaro?,Bolsonaro
['1597437501337047040'],1597437501337047040,"Como pode, nÃ©? O advento do teletransporte jÃ¡ existe e eu nÃ£o fiquei sabendo. Veja o Eduardo Bolsonaro que consegue estar na copa do Catar e na cÃ¢mara dos deputados ao mesmo tempo. https://t.co/E0LXeZkfkQ",Bolsonaro
['1597437498732720128'],1597437498732720128,@choquei Seus esquerdistasğŸ—£ï¸ Eduardo Bolsonaro jÃ¡ estava aÃ­ antes da CopağŸ‡§ğŸ‡·ğŸ«¡AGORA FIQUEM COM PULGUINHA ATRÃS DAğŸ‘‚ğŸ‘‚ğŸ‘‚ğŸ‘‚ğŸ‘‚doidos pra saber pq?ğŸ¤” NÃƒO VAMOS LHES CONTAR DE JEITO NENHUMğŸ¤£ğŸ¤£ğŸ¤£ğŸ¤£ğŸ¤£ğŸ¤£ğŸ¤£ğŸ¤£ğŸ¤£ğŸ¤£,Bolsonaro
['1597437494030913537'],1597437494030913537,"@LUIZPATRIOTA39 Aguardem!!! Logo vai acontecer uma coisa bombÃ¡stica, Eduardo Bolsonaro jÃ¡ teve com Sheraz Uppal, 72 horas sÃ³ passa rÃ¡pido!!",Bolsonaro
['1597437479707377665'],1597437479707377665,"@mysalvationcam @Pexte_Rosso @JiiveshDevaBR @eduardoramalhoc @ErnestoRosiane @jscheiner_ @GuilhermeGFS_ @choquei Alguma coisa que sua mÃ£e tÃ¡ fazendo de errado entÃ£o ou o governo do estado

Pq isso n tem nada a ver a culpa do Bolsonaro",Bolsonaro
['1597437476054130689'],1597437476054130689,"Se nÃ£o hÃ¡ nada de errado, se nÃ£o existe problema nenhum em o Eduardo Bolsonaro ter ido pro Qatar, entÃ£o por que ele foi na surdina, escondidinho, sem nenhum aviso?",Bolsonaro
['1597437432030371841'],1597437432030371841,"Acho incrÃ­vel o CristÃ£o ter medo de Lula que prega a igualdade social e o fim da fome e preferir Bolsonaro que se declara ""a favor da tortura"" e diz que Ã© ""especialista em matar"".",Bolsonaro
['1597437418789277697'],1597437418789277697,"Sim. Mas aquele espÃºria do filho dele, Eduardo Bolsonaro, em  hipÃ³tese alguma!!! Espero que o povo nÃ£o se esqueÃ§a nas prÃ³ximas eleiÃ§Ãµes!! https://t.co/X52WoMLYg0",Bolsonaro
['1597437417937829888'],1597437417937829888,@pttank2020 @palpiteiroprofi Grave: Generais estavam passando informaÃ§Ãµes p Alexandre de Moraes sobre reuniÃµes c Bolsonaro atravÃ©s d chefe d gabinete. InformaÃ§Ã£o d jornalista Paulo Figueiredo da @JovemPanNews. Paulo Ã© neto d Gen. Figueiredo e tem bons relacionamentos na Ã¡rea militar.  https://t.co/rw0nYV1kUS,Bolsonaro
['1597437411541549056'],1597437411541549056,"@MariluPamc @RomuloBDias Fiquem firmes bando de PATRIDIOSTAS kkkkkkk ğŸ„ğŸ¼ğŸ¤¡ğŸ„ğŸ„ğŸ„ğŸ„
ANISTIA NÃƒO
ANISTIA NÃƒO
BOLSONARO NA CADEIA
BOLSONARO NA CADEIA
ANISTIA NÃƒO
BOLSONARO NA CADEIA
MALAFAIA NA CADEIA
TERRORISTAS DO BOLSONARO
GOLPISTAS NA CADEIA
TCHAU QUERIDO 
BOLSONARO QUEBROU O BRASIL
BOLSONARISMO MATA",Bolsonaro
['1597437411155640320'],1597437411155640320,@NikoIasFerreira Estou om Bolsonaro pro que der e viver.,Bolsonaro
['1597437399067303937'],1597437399067303937,Deve ser o mesmo que mandou Matar Bolsonaro e que matou Celso Daniel e suas testemunhas e outros https://t.co/LtN7meG1W5,Bolsonaro
['1597437398345863168'],1597437398345863168,"@PaolaDeboche EstÃ£o tentando fazer igual o bolsonaro no lance da facada pra ganhar KKK Essa doida estava tÃ£o bÃªbada , caiu de de bÃªbada no chÃ£o , e agora vem com essa de que sofreu ataques? Kkk ela que estava atacando o povo do bar.",Bolsonaro
['1597437395808718849'],1597437395808718849,O @uol Ã© um site politicamente tendencioso e tem que ser boicotado em nome da moral e da saÃºde mental da populaÃ§Ã£o. #BolsonaroReeleito #Bolsonaro2022 #BolsonaroPresidente22 #Bolsonaro,Bolsonaro
['1597437387822759936'],1597437387822759936,"SÃ³ falta essa galera entender, que esse pessoal que estÃ¡ nas ruas, nos quartÃ©is, de nada tem a ver com Bolsonaro, ou Eduardo Bolsonaro e afins!! Esse povo, Ã© o mesmo que foi pras ruas derrubar Dilma Rousseff, Ã© um movimento Anti-PT. NÃ£o Ã© por Bolsonaro!! Ã‰ pelo Brasil ğŸ‡§ğŸ‡·ğŸ’šğŸ’›",Bolsonaro
['1597437371276201984'],1597437371276201984,"Fiquem firmes bando de PATRIDIOSTAS kkkkkkk ğŸ„ğŸ¼ğŸ¤¡ğŸ„ğŸ„ğŸ„ğŸ„
ANISTIA NÃƒO
ANISTIA NÃƒO
BOLSONARO NA CADEIA
BOLSONARO NA CADEIA
ANISTIA NÃƒO
BOLSONARO NA CADEIA
MALAFAIA NA CADEIA
TERRORISTAS DO BOLSONARO
GOLPISTAS NA CADEIA
TCHAU QUERIDO 
BOLSONARO QUEBROU O BRASIL
BOLSONARISMO MATA https://t.co/QvgLEJrCsH",Bolsonaro
['1597437357287882753'],1597437357287882753,"@GugaNoblat NÃ£o Ã© pelo Bolsonaro seu manÃ©! Ã‰ pelo Brasil!! ğŸ‡§ğŸ‡· 
A estratÃ©gia que vocÃªs usam para dividir, jÃ¡ nÃ£o funciona mais!
#ogiganteacordou",Bolsonaro
['1597437352464744448'],1597437352464744448,@marcosdgb1 @BolsonaroSP Isso nÃ£o importa. Eduardo Bolsonaro Ã© sÃ³ o filho (ponto final).,Bolsonaro
['1597437316213387265'],1597437316213387265,"@senadorhumberto NÃ£o meu querido ğŸ™„ vc estÃ¡ enganado...antes do Bolsonaro teve a Dilma, e antes da Dilma teve o Lula por algum tempo. Veio destruÃ­do de lÃ¡!! Bolsonaro sÃ³ fez foi consertar a cagada que vcs fizeram!! Se esconde pq tÃ¡ passando vergonha ğŸ™†ğŸ¼â€â™€ï¸",Bolsonaro
['1597437315320008704'],1597437315320008704,"@Rconstantino Estou lutando pelo Brasil e nÃ£o importa o que os filhos do Bolsonaro fazem da vida deles, eles nÃ£o sÃ£o o presidente.",Bolsonaro
['1597437304419028992'],1597437304419028992,"Imprensa descobriu rapidamente o preÃ§o da camisa da Janja, diÃ¡ria de hotel de Lula.

Mas falar onde Eduardo Bolsonaro estÃ¡ hospedado no Catar, custo da viagem, quem bancou e porque ele estÃ¡ lÃ¡ quando devia estar dando expediente no Congresso? 

Nem uma palavra.",Bolsonaro
