edit_history_tweet_ids,id,text,label,num_words,clean_text
['1576050330114363392'],1576050330114363392,@joicehasselmann Bolsonaro N√ÉO quer aproveitadores como voc√™.,-1,7, Bolsonaro N√ÉO quer aproveitadores como voc√™.
['1576050330110160901'],1576050330110160901,o bolsonaro √© um anjo enviado de deus para nos mostrar o para√≠so dos c√©us @PeKelmon #mito #brasil #LulaLivre  #FIFA  #LOUDWIN #VoteConsciente,1,22,o bolsonaro √© um anjo enviado de deus para nos mostrar o para√≠so dos c√©us         
['1576050318852640769'],1576050318852640769,"@AndradeRNegro2 @Loucosdovalle Bolsonaro √© contra o aborto e defende a vida desde a sua concep√ß√£o, o povo de bem tamb√©m

O Brasil agradece

Obrigada Presidente Bolsonaro

Bolsonaro 22",1,28,"  Bolsonaro √© contra o aborto e defende a vida desde a sua concep√ß√£o, o povo de bem tamb√©m

O Brasil agradece

Obrigada Presidente Bolsonaro

Bolsonaro 22"
['1576050318596399104'],1576050318596399104,@Victorrmsk √â a mil√©sima vez que ele fala ao vivo que n√£o vota no Bolsonaro,0,15, √â a mil√©sima vez que ele fala ao vivo que n√£o vota no Bolsonaro
['1576050309822287873'],1576050309822287873,"@OGloboPolitica Bolsonaro √© t√£o fake, q at√© o laranja q ele leva para ajud√°-lo no debate √© fake.",-1,18," Bolsonaro √© t√£o fake, q at√© o laranja q ele leva para ajud√°-lo no debate √© fake."
['1576050304222535680'],1576050304222535680,"@FabioSlenio @CaduR13 @umaimpardeazul Em pais voc√™ estava na pandemia? N√£o viu o Bolsonaro rir do povo com covid? Pessoas morreram por irresponsabilidade dele, ficaram sem oxig√™nio, artistas tiveram que enviar avi√µes cheios de oxig√™nio, porque o Bolsonaro tava andando de jet-ski n√£o fez o m√≠nimo do trabalho dele.",-1,48,"   Em pais voc√™ estava na pandemia? N√£o viu o Bolsonaro rir do povo com covid? Pessoas morreram por irresponsabilidade dele, ficaram sem oxig√™nio, artistas tiveram que enviar avi√µes cheios de oxig√™nio, porque o Bolsonaro tava andando de jet-ski n√£o fez o m√≠nimo do trabalho dele."
['1576050301756354560'],1576050301756354560,Hoje as pesquisas come√ßaram a aproximar Bolsonaro de Lula Milagrosamente! Modal/Futura Lula 40 x 37% Bolso - Paran√° Lula 43 X 37 Bolso - Ipec RS Lula 41 x 40 Bolso.... amanh√£ da empate t√©cnico e no dia Bolso 10 pontos na frente! kaukuakuakuaukuka,0,44,Hoje as pesquisas come√ßaram a aproximar Bolsonaro de Lula Milagrosamente! Modal/Futura Lula 40 x 37% Bolso - Paran√° Lula 43 X 37 Bolso - Ipec RS Lula 41 x 40 Bolso.... amanh√£ da empate t√©cnico e no dia Bolso 10 pontos na frente! kaukuakuakuaukuka
['1576050292163981312'],1576050292163981312,"@LucianoHuck Eu acredito em pesquisa Luciano, o instituto Veritas acabou de soltar que o Bolsonaro tem 43.2% e o Lula 42.1%.
Agora minha d√∫vida √© voc√™ acreditar em pesquisa quando o Bolsonaro est√° na frente.",0,35," Eu acredito em pesquisa Luciano, o instituto Veritas acabou de soltar que o Bolsonaro tem 43.2% e o Lula 42.1%.
Agora minha d√∫vida √© voc√™ acreditar em pesquisa quando o Bolsonaro est√° na frente."
['1576050292000378881'],1576050292000378881,@hyunjinmeudono Tudo culpa do Bolsonaro AMG,-1,6, Tudo culpa do Bolsonaro AMG
['1576050291484807170'],1576050291484807170,"@Miltonneves Babacas como voc√™, Milton Neves, e  todos os demais bolsonaristas,  detestam o padre J√∫lio Lancelotti.  Mas amam esse tal de padre Kelvin, ou Kelson, ou sei l√° o qu√™! Isso mostra o tipo de cristianismo que voc√™s praticam! Voc√™s n√£o seguem a Cristo,  seguem a Bolsonaro! https://t.co/RJQY1JNpBh",-1,48," Babacas como voc√™, Milton Neves, e  todos os demais bolsonaristas,  detestam o padre J√∫lio Lancelotti.  Mas amam esse tal de padre Kelvin, ou Kelson, ou sei l√° o qu√™! Isso mostra o tipo de cristianismo que voc√™s praticam! Voc√™s n√£o seguem a Cristo,  seguem a Bolsonaro! "
['1576050287688687618'],1576050287688687618,"O candidato √† Presid√™ncia da Rep√∫blica Ciro Gomes (PDT) voltou a criticar a polariza√ß√£o entre Jair Bolsonaro (PL) e Luiz In√°cio Lula da Silva (PT) ap√≥s o debate na TV Globo, realizado na noite de ontem, 29.

https://t.co/OF4ZuMwaWm",0,38,"O candidato √† Presid√™ncia da Rep√∫blica Ciro Gomes (PDT) voltou a criticar a polariza√ß√£o entre Jair Bolsonaro (PL) e Luiz In√°cio Lula da Silva (PT) ap√≥s o debate na TV Globo, realizado na noite de ontem, 29.

"
['1576050279652687872'],1576050279652687872,"Sobre Debate dos Candidatos/Presid√™ncia do Brasil, na @tvglobo,em 30SET22,eu confirmei o quanto o Presidente Bolsonaro n√£o se corrige.Como √© grosseiro, mal educado,desrespeitoso.Q falta de Diplomacia, Respeito,e Requinte.Nunca ser√° l√≠der @TheNewsYork @GloboNews @washingtonpostüáßüá∑ https://t.co/mupuVDv9Np",-1,33,"Sobre Debate dos Candidatos/Presid√™ncia do Brasil, na ,em 30SET22,eu confirmei o quanto o Presidente Bolsonaro n√£o se corrige.Como √© grosseiro, mal educado,desrespeitoso.Q falta de Diplomacia, Respeito,e Requinte.Nunca ser√° l√≠der    "
['1576050276489797632'],1576050276489797632,@neymarjr Votar no Bolsonaro n√£o √© opini√£o. üò∂,0,8, Votar no Bolsonaro n√£o √© opini√£o. 
['1576050275005001730'],1576050275005001730,"Mais um traidor que surgiu gra√ßas ao Bolsonaro! Pode enfiar a viola no saco, que j√° deu pra vc √©  seu irm√£o. https://t.co/zwtg5ISqsA",-1,23,"Mais um traidor que surgiu gra√ßas ao Bolsonaro! Pode enfiar a viola no saco, que j√° deu pra vc √©  seu irm√£o. "
['1576050274103615488'],1576050274103615488,@AugustoNPistola Cadeia para bolsonaro.,-1,4, Cadeia para bolsonaro.
['1576050271884410880'],1576050271884410880,"Tenho um pensamento que na solid√£o da urna, na hora H, na hora da escolha real e irrevers√≠vel, o cidad√£o eleitor ver√° o Bolsonaro como  o candidato que deve ser eliminado  por quest√£o de sa√∫de p√∫blica! E a√≠, a consci√™ncia do dever ser√° decisiva!",0,44,"Tenho um pensamento que na solid√£o da urna, na hora H, na hora da escolha real e irrevers√≠vel, o cidad√£o eleitor ver√° o Bolsonaro como  o candidato que deve ser eliminado  por quest√£o de sa√∫de p√∫blica! E a√≠, a consci√™ncia do dever ser√° decisiva!"
['1576050266486763520'],1576050266486763520,@senadorhumberto @LulaOficial @danilocabralpe @teresaleitao_ NUM DIANTA HUMBERTO !!  NUN VAI DAR  N√ÉO üëá O POVO QUER O BOLSONARO üáßüá∑üëá https://t.co/6xEhCm229t,1,20,    NUM DIANTA HUMBERTO !!  NUN VAI DAR  N√ÉO  O POVO QUER O BOLSONARO  
['1576050259377106944'],1576050259377106944,"@thigagliasso Eu tor√ßo p Bolsonaro em 1 lugar. Em 2 lugar tor√ßo o Ciro. Pra ele tirar votos do PT kkkkk Ciro √© popular no Cear√° e , de certa forma, p quem se acha de esquerda, √© uma alternativa.",1,40," Eu tor√ßo p Bolsonaro em 1 lugar. Em 2 lugar tor√ßo o Ciro. Pra ele tirar votos do PT kkkkk Ciro √© popular no Cear√° e , de certa forma, p quem se acha de esquerda, √© uma alternativa."
['1576050256130686976'],1576050256130686976,"@juliette Eu sou mulher e voto Bolsonaro! Dia 2 √© 22  e no 1¬∫ turno. üáßüá∑

#BrasilVota22 https://t.co/3uIFJ3WXnD",1,18," Eu sou mulher e voto Bolsonaro! Dia 2 √© 22  e no 1¬∫ turno. 

 "
['1576050251202711552'],1576050251202711552,@Jouberth19 Eu voto no Bolsonaro,1,5, Eu voto no Bolsonaro
['1576050243518406657'],1576050243518406657,Donald Trump Jr . √â Bolsonaro !!! üíõüíöüíõüíöüíõüíöüíõüíöüíõüíöüíõüíö https://t.co/oNLQELGrQT,1,9,Donald Trump Jr . √â Bolsonaro !!!  
['1576050242272706560'],1576050242272706560,Aguardem. Bolsonaro vai assistir a copa do mundo e sumir do mapa pra n√£o ser preso. https://t.co/5UxO6ukilC,-1,17,Aguardem. Bolsonaro vai assistir a copa do mundo e sumir do mapa pra n√£o ser preso. 
['1576050239387369474'],1576050239387369474,"@jairbolsonaro Obrigada, presidente Bolsonaro , por sua luta diaria por nos, brasileiros, que respeitamos sua coragem em nos defender dos criminosos que ameacam e matam nossos irmaos patriotas",1,28," Obrigada, presidente Bolsonaro , por sua luta diaria por nos, brasileiros, que respeitamos sua coragem em nos defender dos criminosos que ameacam e matam nossos irmaos patriotas"
['1576050237424435200'],1576050237424435200,"Fizeram de tudo para para baixar a nossa estima, come√ßando pelo cons√≥rcio de jornalismo e passando pelo STF.
O governo Bolsonaro, com tudo contra, nos entregou um pa√≠s melhor.
Mas nada √© mais animador que a cara de derrota do Ladr√£o. https://t.co/cNDHXYY1DD",1,42,"Fizeram de tudo para para baixar a nossa estima, come√ßando pelo cons√≥rcio de jornalismo e passando pelo STF.
O governo Bolsonaro, com tudo contra, nos entregou um pa√≠s melhor.
Mas nada √© mais animador que a cara de derrota do Ladr√£o. "
['1576050236308525056'],1576050236308525056,"Lula deve manter tom duro contra Bolsonaro e quer mutir√£o em igrejas

Ajuda a√≠, nos segue!

#jesus #cristaos #cristao #igreja #deuseamor

https://t.co/VS4bzufOLq",0,22,"Lula deve manter tom duro contra Bolsonaro e quer mutir√£o em igrejas

Ajuda a√≠, nos segue!

    

"
['1576050226968039424'],1576050226968039424,@aminkhader Depois apontam Bolsonaro como Homof√≥bico. Eles s√£o t√£o alienados que fazem oque se dizem ser contra.,-1,17, Depois apontam Bolsonaro como Homof√≥bico. Eles s√£o t√£o alienados que fazem oque se dizem ser contra.
['1576050226531815424'],1576050226531815424,"Engra√ßado. N√£o vi ningu√©m pedindo a cabe√ßa da Lu√≠sa Sonza quando ela foi acusada de racismo. Parece at√© que para a esquerda, √© melhor ser racista que botar em Bolsonaro https://t.co/Xdyt39OGts",-1,31,"Engra√ßado. N√£o vi ningu√©m pedindo a cabe√ßa da Lu√≠sa Sonza quando ela foi acusada de racismo. Parece at√© que para a esquerda, √© melhor ser racista que botar em Bolsonaro "
['1576050222152617984'],1576050222152617984,@RicaPerrone @Cara_atapa O padre vem para alavancar Bolsonaro. Roberto Jefferson deu um xeque mate na esquerda e no Xand√£o . Mas eu sigo em minhas escolhas a favor do pa√≠s . Porem agrade√ßo imensamente ao padre e ao Bob por esta jogada de mestre contra o sistema podre .,0,49,  O padre vem para alavancar Bolsonaro. Roberto Jefferson deu um xeque mate na esquerda e no Xand√£o . Mas eu sigo em minhas escolhas a favor do pa√≠s . Porem agrade√ßo imensamente ao padre e ao Bob por esta jogada de mestre contra o sistema podre .
['1576050215429484544'],1576050215429484544,"@MayanaBarros2 @nando_reis S√≥ n√£o cancelar s√≥ respeitar a opini√£o dele, ou o Bolsonaro entrou tanto  na sua mente que faz com que fa√ßa cancelamento a todos que se op√µe a ele?",0,31,"  S√≥ n√£o cancelar s√≥ respeitar a opini√£o dele, ou o Bolsonaro entrou tanto  na sua mente que faz com que fa√ßa cancelamento a todos que se op√µe a ele?"
['1576050210421166080'],1576050210421166080,@Omardeideais Com elei√ß√µes limpa Bolsonaro 70%,0,6, Com elei√ß√µes limpa Bolsonaro 70%
['1576050208131395584'],1576050208131395584,"Bolsonaro perde as elei√ß√µes, Neymar fica puto, joga a copa na for√ßa do √≥dio, Brasil ganha, nois fica feliz.",1,19,"Bolsonaro perde as elei√ß√µes, Neymar fica puto, joga a copa na for√ßa do √≥dio, Brasil ganha, nois fica feliz."
['1576050204146421760'],1576050204146421760,"@Matheusfj100 amigo acabei de entrar na modal mais futura e quem esta na frente `e bolsonaro, nessa sua esta o lula",0,21," amigo acabei de entrar na modal mais futura e quem esta na frente `e bolsonaro, nessa sua esta o lula"
['1576050203043729409'],1576050203043729409,"Dia 2 est√° chegando
Votem com consci√™ncia!!!
Uma pessoa minimamente inteligente n√£o ir√° votar no Bolsonaro
N√£o quero ver nego nessa altura do campeonato fazendo burrice",0,26,"Dia 2 est√° chegando
Votem com consci√™ncia!!!
Uma pessoa minimamente inteligente n√£o ir√° votar no Bolsonaro
N√£o quero ver nego nessa altura do campeonato fazendo burrice"
['1576050203043381248'],1576050203043381248,"S√≥ foi o Neymar declarar apoio publicamente ao Bolsonaro que centenas de jogadores e artistas come√ßaram a apoiar tamb√©m.

Ou seja, s√£o frouxos demais.",-1,24,"S√≥ foi o Neymar declarar apoio publicamente ao Bolsonaro que centenas de jogadores e artistas come√ßaram a apoiar tamb√©m.

Ou seja, s√£o frouxos demais."
['1576050202888138754'],1576050202888138754,@TarcisioMuniz6 Bolsonaro patrocinou a pizza ü•∞,1,6, Bolsonaro patrocinou a pizza ü•∞
['1576050197595291648'],1576050197595291648,"@alexandre Aqui nos coment√°rios, Bolsonaro j√° est√° eleito.",1,8," Aqui nos coment√°rios, Bolsonaro j√° est√° eleito."
['1576050196097945601'],1576050196097945601,n√£o tenho palavras p descrever a vergonha q eu sinto de ver pobre apoiando o bolsonaro,-1,16,n√£o tenho palavras p descrever a vergonha q eu sinto de ver pobre apoiando o bolsonaro
['1576050194390847489'],1576050194390847489,"@Wanderley Vai explicar isso pro @opilhado @CarlaCecato_FC @carlacecatoofic porq eles n√£o aceita cr√≠ticas ao lixo do bolsonaro, a mesma disse q vai embora do pa√≠s caso lula ganhe, e vai ganhar, espero q v√° mesmo, n√£o vai fazer falta alguma, @RicaPerrone chupa essa manga seus FDO.",-1,46," Vai explicar isso pro    porq eles n√£o aceita cr√≠ticas ao lixo do bolsonaro, a mesma disse q vai embora do pa√≠s caso lula ganhe, e vai ganhar, espero q v√° mesmo, n√£o vai fazer falta alguma,  chupa essa manga seus FDO."
['1576050192197259264'],1576050192197259264,@UOL At√© a  extrema direita Italiana n√£o quer Bolsonaro ü§£ü§£,-1,10, At√© a  extrema direita Italiana n√£o quer Bolsonaro ü§£ü§£
['1576050185733607426'],1576050185733607426,"que lula e bolsonaro oq, o ngc √© guedes para presidente",0,11,"que lula e bolsonaro oq, o ngc √© guedes para presidente"
['1576050180490940418'],1576050180490940418,FELIPE MELO E BOLSONARO O BRASIL E BOLSONARO.  #BolsonaroNoPrimeiroTurno #BolsonaroNoPrimeiroTurno üáßüá∑üáßüá∑üáßüá∑üáßüá∑üáßüá∑üáßüá∑üáßüá∑üáßüá∑üáßüá∑üáßüá∑üáßüá∑üáßüá∑üáßüá∑üáßüá∑üáßüá∑üáßüá∑üáßüá∑üáßüá∑üáßüá∑üáßüá∑üáßüá∑üáßüá∑üáßüá∑üáßüá∑üáßüá∑üáßüá∑üáßüá∑üáßüá∑üáßüá∑üáßüá∑üáßüá∑üáßüá∑üáßüá∑üáßüá∑üáßüá∑ https://t.co/KoC5RZ17NE,1,12,FELIPE MELO E BOLSONARO O BRASIL E BOLSONARO.     
['1576050179316203520'],1576050179316203520,"Ôø£Ôø£Ôø£Ôø£Ôø£Ôø£Ôø£Ôø£Ôø£|
                F√É DE
        BRITNEY SPEARS
            N√ÉO VOTA 
                  EM
           BOLSONARO
         
|ÔºøÔºøÔºøÔºøÔºøÔºøÔºøÔºøÔºøÔºøÔºø| 
               \ (‚Ä¢‚ó°‚Ä¢) / 
                 \       / 
                    ---
                    |  |",0,18,"Ôø£Ôø£Ôø£Ôø£Ôø£Ôø£Ôø£Ôø£Ôø£|
                F√É DE
        BRITNEY SPEARS
            N√ÉO VOTA 
                  EM
           BOLSONARO
         
|ÔºøÔºøÔºøÔºøÔºøÔºøÔºøÔºøÔºøÔºøÔºø| 
               \ (‚Ä¢‚ó°‚Ä¢) / 
                 \       / 
                    ---
                    |  |"
['1576050167010033664'],1576050167010033664,@tuitakaik O nordeste e assim Bolsonaro n√£o se cria,0,9, O nordeste e assim Bolsonaro n√£o se cria
['1576050161234518016'],1576050161234518016,"@PeKelmon A sua quadrilha j√° √© a do Bolsonaro corrupto. Foraaaaa Bolsonaro, Bolsominions e assemelhados",-1,15," A sua quadrilha j√° √© a do Bolsonaro corrupto. Foraaaaa Bolsonaro, Bolsominions e assemelhados"
['1576050160739946497'],1576050160739946497,eu tenho a impress√£o que quem diz nem lula nem bolsonaro se acha muito inteligente superior revolucion√°rio salvador da p√°tria,0,20,eu tenho a impress√£o que quem diz nem lula nem bolsonaro se acha muito inteligente superior revolucion√°rio salvador da p√°tria
['1576050159854956544'],1576050159854956544,Luladrao Seu Lugar √© na Pris√£o! Fora Carni√ßas Esquerdistas! Fora Petralhas! Fora Comunistas! V√£o pra Cuba que Te Pariu! Bolsonaro Presidente no 1 Turno!!!!üáßüá∑üáßüá∑üáßüá∑ü™ñü™ñü™ñ2Ô∏è‚É£2Ô∏è‚É£ https://t.co/cPTj8GG2Kq,-1,25,Luladrao Seu Lugar √© na Pris√£o! Fora Carni√ßas Esquerdistas! Fora Petralhas! Fora Comunistas! V√£o pra Cuba que Te Pariu! Bolsonaro Presidente no 1 Turno!!!!ü™ñü™ñü™ñ2Ô∏è‚É£2Ô∏è‚É£ 
['1576050156385861632'],1576050156385861632,"Como que pretos e pretas, gays, l√©sbicas ou trans podem votar e apoiar o Bolsonaro?? Isso n√£o entra na minha cabe√ßa ainda ü§Ø 
#LulaNo1¬∫Turno #LulaDay #ForaBolsonaro",0,26,"Como que pretos e pretas, gays, l√©sbicas ou trans podem votar e apoiar o Bolsonaro?? Isso n√£o entra na minha cabe√ßa ainda ü§Ø 
¬∫Turno  "
['1576050148211302401'],1576050148211302401,"@joicehasselmann MUIE, N√ÉO √â QUEM CRIA. APRENDE. O EXECUTIVO √â PRA FAZER E ELE FEZ. O NOME J√Å DIZ: PODER EXECUTIVO = PODER DE EXECUTAR. A GEST√ÉO BOLSONARO EXECUTOU TUA LISTINHA, ENTRE MUITAS OUTRAS, NUNCA EXECUTADAS POR GOVERNOS ANTERIORES.",0,39," MUIE, N√ÉO √â QUEM CRIA. APRENDE. O EXECUTIVO √â PRA FAZER E ELE FEZ. O NOME J√Å DIZ: PODER EXECUTIVO = PODER DE EXECUTAR. A GEST√ÉO BOLSONARO EXECUTOU TUA LISTINHA, ENTRE MUITAS OUTRAS, NUNCA EXECUTADAS POR GOVERNOS ANTERIORES."
['1576050146109837312'],1576050146109837312,"nao deixem o bolsonaro ganhar, por favor",0,7,"nao deixem o bolsonaro ganhar, por favor"
['1576042561730289665'],1576042561730289665,@AlinedeArajoMa1 Vota no Ciro e muda a vida do pa√≠s pra melhor!,1,12, Vota no Ciro e muda a vida do pa√≠s pra melhor!
['1576042554357080064'],1576042554357080064,@deluca_joao @ManuelaDavila Eu vou de Ciro 12,1,7,  Eu vou de Ciro 12
['1576042549063479296'],1576042549063479296,"PESQUISA BRASMARKET 30/09

Jair Bolsonaro : 45,4%  
Luiz In√°cio Lula da Silva : 30,9%  
Ciro Gomes : 6,2%  
Simone Tebet : 5,2%  
Soraya Thronicke: 0,8%  
Felipe D'√Åvila: 0,3% 
Padre Kelmon: 0,3% 
Demais candidatos:1%  
Branco/Nulo: 2,6% 
N√£o sabe: 8,3%

#BolsonaroNoPrimeiroTurno",0,39,"PESQUISA BRASMARKET 30/09

Jair Bolsonaro : 45,4%  
Luiz In√°cio Lula da Silva : 30,9%  
Ciro Gomes : 6,2%  
Simone Tebet : 5,2%  
Soraya Thronicke: 0,8%  
Felipe D'√Åvila: 0,3% 
Padre Kelmon: 0,3% 
Demais candidatos:1%  
Branco/Nulo: 2,6% 
N√£o sabe: 8,3%

"
['1576042540880433152'],1576042540880433152,"@Bic2601 @CaiafaAgatha Como ele mesmo disse, nos primeiros 6 meses ningu√©m quase vai contra e √© ai que come√ßa a mudar as coisas.

Eu vou de Ciro 12, pois √© o que julgo ser a melhor op√ß√£o e me recuso a votar em quem n√£o acredito.
Essa de votar em um pra tirar outro s√≥ afunda mais o pa√≠s.",1,59,"  Como ele mesmo disse, nos primeiros 6 meses ningu√©m quase vai contra e √© ai que come√ßa a mudar as coisas.

Eu vou de Ciro 12, pois √© o que julgo ser a melhor op√ß√£o e me recuso a votar em quem n√£o acredito.
Essa de votar em um pra tirar outro s√≥ afunda mais o pa√≠s."
['1576042515027087360'],1576042515027087360,Ciro neles @cirogomes,1,3,Ciro neles 
['1576042513588453376'],1576042513588453376,@GuilhermePenta @PauloVieiraReal Ficou com raiva pq Ciro ficou gag√° muito jovem,-1,11,  Ficou com raiva pq Ciro ficou gag√° muito jovem
['1576042484378980354'],1576042484378980354,"O perfil de quem deixa de votar faz com que Lula perca proporcionalmente muito mais votos, isto deixa a chance de n√£o ter segundo turno nula. 0,0%.
Todo analista politico sabe disto, mas n√£o fala.
Domingo Vote Certo, Vote Ciro 12.
#VoteCertoVoteCiro https://t.co/4VzSVxOv7m",1,43,"O perfil de quem deixa de votar faz com que Lula perca proporcionalmente muito mais votos, isto deixa a chance de n√£o ter segundo turno nula. 0,0%.
Todo analista politico sabe disto, mas n√£o fala.
Domingo Vote Certo, Vote Ciro 12.
 "
['1576042481690775552'],1576042481690775552,"@souza_iuly @RamaoPalacio N√£o entendi o que vc quis dizer na 1a parte e sobre Ciro, pq vc acha que se trata de ego? Ser eleito tem um peso de conquista pessoal, mas desde quando propor o que ele prop√µe √© egoico? Acho que vc n√£o o acompanha, leu o livro ou o plano de governo. Ele n√£o fez nada sozinho...",-1,60,"  N√£o entendi o que vc quis dizer na 1a parte e sobre Ciro, pq vc acha que se trata de ego? Ser eleito tem um peso de conquista pessoal, mas desde quando propor o que ele prop√µe √© egoico? Acho que vc n√£o o acompanha, leu o livro ou o plano de governo. Ele n√£o fez nada sozinho..."
['1576042468419985408'],1576042468419985408,"nessa vers√£o eu concordei com o ciro, vou votar com √≥dio msm kkkkkkkkk https://t.co/OrcpCoeCKv",1,14,"nessa vers√£o eu concordei com o ciro, vou votar com √≥dio msm kkkkkkkkk "
['1576042461008637953'],1576042461008637953,"@faelleaf @akdsr12 N haver√° vit√≥ria no 1T, Lula n conseguiu isso qnd tinha a popularidade no auge, imagine agora ele e JB sendo os candidatos + rejeitados. Ent√£o votar no Ciro ou outro qlq ajuda a tirar JB. N quero anular meu voto, quero exercer minha liberdade de votar em q eu quiser. Fica na paz.",1,56,"  N haver√° vit√≥ria no 1T, Lula n conseguiu isso qnd tinha a popularidade no auge, imagine agora ele e JB sendo os candidatos + rejeitados. Ent√£o votar no Ciro ou outro qlq ajuda a tirar JB. N quero anular meu voto, quero exercer minha liberdade de votar em q eu quiser. Fica na paz."
['1576042457589874688'],1576042457589874688,"@Rodrigodigao131 @Simoniibr Inclusive, o Ciro esteve aqui para votar no segundo turno, mas virou meme. S√≥ pra finalizar.",-1,18,"  Inclusive, o Ciro esteve aqui para votar no segundo turno, mas virou meme. S√≥ pra finalizar."
['1576042441182150657'],1576042441182150657,"@senadorhumberto Kkkk , a surpresa ser√° grande n√© @ciro_nogueira ü§≠üáßüá∑",0,10," Kkkk , a surpresa ser√° grande n√©  ü§≠"
['1576042436711026689'],1576042436711026689,"Momentos antes da disgra√ßa acontecer
O Ciro: https://t.co/4eY0qt3UCK",-1,8,"Momentos antes da disgra√ßa acontecer
O Ciro: "
['1576042435574403073'],1576042435574403073,"A grande maioria das pessoas que votam no Lula e Bolsonaro tem algo em comum, todos votariam no Ciro caso n√£o existisse essa polariza√ß√£o. Minha fam√≠lia est√° assim dividida mais o consenso √© um s√≥ Ciro Gomes. Vou tentar at√© o fim unir minha fam√≠lia e levar #CiroNoSegundoTurno",1,48,"A grande maioria das pessoas que votam no Lula e Bolsonaro tem algo em comum, todos votariam no Ciro caso n√£o existisse essa polariza√ß√£o. Minha fam√≠lia est√° assim dividida mais o consenso √© um s√≥ Ciro Gomes. Vou tentar at√© o fim unir minha fam√≠lia e levar "
['1576042423414706180'],1576042423414706180,"@livialvesssss Se for contra os juros exorbitantes praticados pelos bancos, a√≠ que o bixo pega, s√≥ Ciro bate de frente",1,20," Se for contra os juros exorbitantes praticados pelos bancos, a√≠ que o bixo pega, s√≥ Ciro bate de frente"
['1576042408340770816'],1576042408340770816,"@jhjacinto_ @DaniloGentili A carreira pol√≠tica do Ciro morreu ontem com as atitudes dele.
Trabalhou o debate inteiro em prol do miliciano.",-1,21,"  A carreira pol√≠tica do Ciro morreu ontem com as atitudes dele.
Trabalhou o debate inteiro em prol do miliciano."
['1576042408328187904'],1576042408328187904,@batistajaque_ Ciro 12 √© o mais preparado. https://t.co/NW6ZljV9cQ,1,8, Ciro 12 √© o mais preparado. 
['1576042397653299201'],1576042397653299201,"@katrisq @Romynho74 @wandergale @futtmais Ciro n√£o est√° focado em 2022 e sim em 2026.
Ele sabe que o Bolsonaro leva essa.
Por isso est√° desvinculando a sua imagem de LulaDr√£o e dando porrada no pingu√ßo. Assim ele vai tentar conquistar os eleitores anti-lula com pautas NACIONALISTAS.",1,46,"    Ciro n√£o est√° focado em 2022 e sim em 2026.
Ele sabe que o Bolsonaro leva essa.
Por isso est√° desvinculando a sua imagem de LulaDr√£o e dando porrada no pingu√ßo. Assim ele vai tentar conquistar os eleitores anti-lula com pautas NACIONALISTAS."
['1576042373095649280'],1576042373095649280,"@rochaghellen Relaxa hellen, muitas pessoas est√£o nessa situa√ß√£o. Mas pesquise, ainda h√° tempo. Veja o wikipedia com o hist√≥rico do Ciro. https://t.co/7SNblrjVqc

Tem muita coisa que pode te surpreender, qualquer d√∫vida s√≥ perguntar.",0,33," Relaxa hellen, muitas pessoas est√£o nessa situa√ß√£o. Mas pesquise, ainda h√° tempo. Veja o wikipedia com o hist√≥rico do Ciro. 

Tem muita coisa que pode te surpreender, qualquer d√∫vida s√≥ perguntar."
['1576042352258748416'],1576042352258748416,"@cirogomes Ele fala tanto que o Lula se auto-elogia pelos anos como presidente, mas Ciro faz o mesmo em rela√ß√£o ao seu governo no Cear√°! Hipocrisia!",-1,26," Ele fala tanto que o Lula se auto-elogia pelos anos como presidente, mas Ciro faz o mesmo em rela√ß√£o ao seu governo no Cear√°! Hipocrisia!"
['1576042347854454784'],1576042347854454784,@jnascim @LulaOficial Detalhe: os irm√£os de Ciro n√£o participaram da agenda dele (a primeira e √∫nica no CE),0,18,  Detalhe: os irm√£os de Ciro n√£o participaram da agenda dele (a primeira e √∫nica no CE)
['1576042346042777601'],1576042346042777601,"as elei√ß√µes de definem em bolsonaro e lula de macetando,padre de festa junina e o Ciro de enfeite",0,18,"as elei√ß√µes de definem em bolsonaro e lula de macetando,padre de festa junina e o Ciro de enfeite"
['1576042336202551296'],1576042336202551296,@batistajaque_ Ciro √© uma √≥tima op√ß√£o pra quem quer tirar o bolso do 2¬∫ turno,1,15, Ciro √© uma √≥tima op√ß√£o pra quem quer tirar o bolso do 2¬∫ turno
['1576042293659697152'],1576042293659697152,"CIRO GOMES √© o pol√≠tico fam√≠lia, nome limpo e patriota como o eleitor bolsonarista acredita que Bolsonaro √©
CIRO GOMES tem os projetos, e √© de esquerda da maneira que os lulopets esperam de lul@",1,35,"CIRO GOMES √© o pol√≠tico fam√≠lia, nome limpo e patriota como o eleitor bolsonarista acredita que Bolsonaro √©
CIRO GOMES tem os projetos, e √© de esquerda da maneira que os lulopets esperam de lul@"
['1576042283493122048'],1576042283493122048,Se o povo se unir Ciro ou Simone ganha essa elei√ß√£o e s√≥ povo tirar o foco de 22 ou 13 que tudo flui,0,24,Se o povo se unir Ciro ou Simone ganha essa elei√ß√£o e s√≥ povo tirar o foco de 22 ou 13 que tudo flui
['1576042269542842368'],1576042269542842368,Me sentindo cada vez mais o Ciro,1,7,Me sentindo cada vez mais o Ciro
['1576042264430018561'],1576042264430018561,"@DorgivalFirmin3 @FabioPorchat @LulaOficial Ciro n√£o tira o Bolsonaro, esse √© o argumento pra convencer ...",0,15,"   Ciro n√£o tira o Bolsonaro, esse √© o argumento pra convencer ..."
['1576042256246505472'],1576042256246505472,"@zanittei Lula:48%
Bolsonaro:38%
Ciro:8%
Tebet:6%",0,5," Lula:48%
Bolsonaro:38%
Ciro:8%
Tebet:6%"
['1576042253281525760'],1576042253281525760,Eu poderia ter ido pro ciro e minha vida estaria normal agr,0,12,Eu poderia ter ido pro ciro e minha vida estaria normal agr
['1576042252052242432'],1576042252052242432,@batistajaque_ Ciro Gomes √© uma boa escolha,1,7, Ciro Gomes √© uma boa escolha
['1576042250500734977'],1576042250500734977,"bagi vc me perdoe mas eu acho q a carina votaria muito no ciro com a desculpa de ""ai mas o pt"" https://t.co/qhOA4Ia6Ny",0,23,"bagi vc me perdoe mas eu acho q a carina votaria muito no ciro com a desculpa de ""ai mas o pt"" "
['1576042243126763520'],1576042243126763520,tadinho do ciro kkkkk,-1,4,tadinho do ciro kkkkk
['1576042241939734528'],1576042241939734528,"@batistajaque_ Vamos de Ciro, √∫nico candidato com projeto de pa√≠s, ficha limpa e com vasta experi√™ncia em administra√ß√£o p√∫blica.",1,19," Vamos de Ciro, √∫nico candidato com projeto de pa√≠s, ficha limpa e com vasta experi√™ncia em administra√ß√£o p√∫blica."
['1576042228673224706'],1576042228673224706,@TEREZINHANOGU16 Estamos juntos.  Ciro Gomes vai ao segundo turno.,1,9, Estamos juntos.  Ciro Gomes vai ao segundo turno.
['1576042224525058048'],1576042224525058048,@batistajaque_ Ciro. Sem d√∫vidas,1,4, Ciro. Sem d√∫vidas
['1576042221844910080'],1576042221844910080,@rochaghellen Pra n√£o errar de jeito nenhum √© Ciro!! https://t.co/4gZtzR4mzB,1,10, Pra n√£o errar de jeito nenhum √© Ciro!! 
['1576042199661555713'],1576042199661555713,"@Miltonneves Rapaz eu vou √© no Ciro Gomes. Maluco inteligente, ficha limpa, n√£o tem rabo preso com ningu√©m e tem um projeto bem elaborado de pa√≠s. Vou de 12 com for√ßa!",1,31," Rapaz eu vou √© no Ciro Gomes. Maluco inteligente, ficha limpa, n√£o tem rabo preso com ningu√©m e tem um projeto bem elaborado de pa√≠s. Vou de 12 com for√ßa!"
['1576042181378584576'],1576042181378584576,"@batistajaque_ @joaogerardobr Vamos de Ciro irm√£.
3 aposentadorias que tinha direito e abriu m√£o. Nunca usou cart√£o corporativo. Ficha limpa. √önico com projetos pro Brasil.
Ciro 12",1,27,"  Vamos de Ciro irm√£.
3 aposentadorias que tinha direito e abriu m√£o. Nunca usou cart√£o corporativo. Ficha limpa. √önico com projetos pro Brasil.
Ciro 12"
['1576042179063009281'],1576042179063009281,"@batistajaque_ √â a Turma que engaja e quando recebem a notifica√ß√£o eles correm para ajudar na decis√£o dos indecisos... eu era um que n√£o sabia em quem votar at√© que me apresentaram o projeto do Ciro. üòÖ

Dia 2 eu votarei 12 com esperan√ßa e espero que voc√™ consiga se decidir at√© l√°. ü•∞ https://t.co/BB7a1TKxwF",1,55," √â a Turma que engaja e quando recebem a notifica√ß√£o eles correm para ajudar na decis√£o dos indecisos... eu era um que n√£o sabia em quem votar at√© que me apresentaram o projeto do Ciro. 

Dia 2 eu votarei 12 com esperan√ßa e espero que voc√™ consiga se decidir at√© l√°. ü•∞ "
['1576042149652860928'],1576042149652860928,"@andalb_ Ciro Gomes √© muito inteligente

Besteira tentar negar o √≥bvio",1,11," Ciro Gomes √© muito inteligente

Besteira tentar negar o √≥bvio"
['1576042145583988741'],1576042145583988741,"@larisssafranca Ciro 12 √© o melhor. 
Lule fez de tudo para acabar com os demais candidatos s√≥ para aumentar o √≥dio e a polariza√ß√£o. https://t.co/0njTuU8Kox",0,25," Ciro 12 √© o melhor. 
Lule fez de tudo para acabar com os demais candidatos s√≥ para aumentar o √≥dio e a polariza√ß√£o. "
['1576042128081551360'],1576042128081551360,"mulher supera, t√° pior q o ciro gomes https://t.co/D9zPZFZtKo",-1,9,"mulher supera, t√° pior q o ciro gomes "
['1576042102412046336'],1576042102412046336,ciro eu t√¥ achando voc√™ nervoso,-1,6,ciro eu t√¥ achando voc√™ nervoso
['1576041257452769280'],1576041257452769280,"Que coisa grave desse jornal, propagar uma fake news t√£o s√©ria para prejudicar as elei√ß√µes. 
Muito estranho. https://t.co/yCce0bmtdM",-1,18,"Que coisa grave desse jornal, propagar uma fake news t√£o s√©ria para prejudicar as elei√ß√µes. 
Muito estranho. "
['1576041249735208960'],1576041249735208960,"@AvicoBrasil ANOTEM: Bolsonaro perder√° as elei√ß√µes pela quantidade de eleitores bolsonarista mortos na pandemia. 

A postura de politicamente incorreto irrespons√°vel antivax e a politiza√ß√£o da COVID19 ter√° um custo eleitoral.

Muitos bolsonaristas morreram, algu√©m sabe quantos?",-1,36," ANOTEM: Bolsonaro perder√° as elei√ß√µes pela quantidade de eleitores bolsonarista mortos na pandemia. 

A postura de politicamente incorreto irrespons√°vel antivax e a politiza√ß√£o da COVID19 ter√° um custo eleitoral.

Muitos bolsonaristas morreram, algu√©m sabe quantos?"
['1576041246631817217'],1576041246631817217,√â imposs√≠vel Bolsonaro ganhar essas elei√ß√µes. Voc√™ dizer que apoia o Ladr√£o √© muito mais aceito socialmente que dizer que apoia o maluco.,-1,23,√â imposs√≠vel Bolsonaro ganhar essas elei√ß√µes. Voc√™ dizer que apoia o Ladr√£o √© muito mais aceito socialmente que dizer que apoia o maluco.
['1576041232786427905'],1576041232786427905,"Compartilho a entrevista ao programa En Conexi√≥n, de Miami, conduzido por @cmrondon, no qual falamos sobre as elei√ß√µes presidenciais brasileiras. 
https://t.co/oUoDtCRLcA
@jgonzalezok 
@ernescoco",0,23,"Compartilho a entrevista ao programa En Conexi√≥n, de Miami, conduzido por , no qual falamos sobre as elei√ß√µes presidenciais brasileiras. 

 
"
['1576041227593871360'],1576041227593871360,"@AvicoBrasil @ElesVivos @Cronicamendes @tdspelasvacinas ANOTEM: Bolsonaro perder√° as elei√ß√µes pela quantidade de eleitores bolsonarista mortos na pandemia. 

A postura de politicamente incorreto irrespons√°vel antivax e a politiza√ß√£o da COVID19 ter√° um custo eleitoral.

Muitos bolsonaristas morreram, algu√©m sabe quantos?",-1,39,"    ANOTEM: Bolsonaro perder√° as elei√ß√µes pela quantidade de eleitores bolsonarista mortos na pandemia. 

A postura de politicamente incorreto irrespons√°vel antivax e a politiza√ß√£o da COVID19 ter√° um custo eleitoral.

Muitos bolsonaristas morreram, algu√©m sabe quantos?"
['1576041183536521216'],1576041183536521216,@TSEjusbr Fraudem √†s elei√ß√µes pro Ladr√£o no primeiro turno pra vcs verem a paz em cima de voc√™s. V√£o vendo.,-1,20, Fraudem √†s elei√ß√µes pro Ladr√£o no primeiro turno pra vcs verem a paz em cima de voc√™s. V√£o vendo.
['1576041160174247938'],1576041160174247938,"@MarkRuffalo @juliette O mundo est√° se metendo onde n√£o lhe diz respeito...
As elei√ß√µes em 2023 √© do Brasil e para o Brasil.
S√≥ assistam de longe. Socialistas milion√°rios de iphone.",-1,31,"  O mundo est√° se metendo onde n√£o lhe diz respeito...
As elei√ß√µes em 2023 √© do Brasil e para o Brasil.
S√≥ assistam de longe. Socialistas milion√°rios de iphone."
['1576041118784856064'],1576041118784856064,Ex do Thalles 100x22 Vini: Acompanhe as elei√ß√µes presidenciais da Conf em tempo real no nosso canal do YouTube.,0,19,Ex do Thalles 100x22 Vini: Acompanhe as elei√ß√µes presidenciais da Conf em tempo real no nosso canal do YouTube.
['1576041101982846978'],1576041101982846978,"@Julianabhe @aqlskkkkj Conselho: passe antes no seu m√©dico e pe√ßa uma receitinha de sertralina. Vai precisar em dose alta de mg, quando se deparar com o placar do resultado das elei√ß√µes. https://t.co/NdkHM7ATZz",0,32,"  Conselho: passe antes no seu m√©dico e pe√ßa uma receitinha de sertralina. Vai precisar em dose alta de mg, quando se deparar com o placar do resultado das elei√ß√µes. "
['1576041099755663361'],1576041099755663361,"@Dra_Deolane QUE TIRO NO P√â.
BOLSONARO  FOI  INVENTAR  UM VENDEDOR  DE BIJUTERIAS  E VESTIU  O VIGARISTA DE  PADRE.
      BOLSONARO  E O PADRE  S√ÉO  DOIS  BANDIDOS VIGARISTA.
     O VAGABUNDO  AMIGO  DO BOZO √â VENDEDOR  DE BIJUTERIAS.....PODE
https://t.co/2tpUXod2Lg",-1,36," QUE TIRO NO P√â.
BOLSONARO  FOI  INVENTAR  UM VENDEDOR  DE BIJUTERIAS  E VESTIU  O VIGARISTA DE  PADRE.
      BOLSONARO  E O PADRE  S√ÉO  DOIS  BANDIDOS VIGARISTA.
     O VAGABUNDO  AMIGO  DO BOZO √â VENDEDOR  DE BIJUTERIAS.....PODE
"
['1576041098270584837'],1576041098270584837,Ipec: Barbosa tem 56% dos votos v√°lidos no Tocantins e Dimas tem 19% https://t.co/YW5V98YvNG,0,14,Ipec: Barbosa tem 56% dos votos v√°lidos no Tocantins e Dimas tem 19% 
['1576041085524054016'],1576041085524054016,"Pra quem ainda tem d√∫vida dos candidatos que vai escolher isso aqui ajuda demais:
https://t.co/500McuCKaH",0,15,"Pra quem ainda tem d√∫vida dos candidatos que vai escolher isso aqui ajuda demais:
"
['1576041067895324672'],1576041067895324672,"@lucas_delamore Eu estava bem mentalmente, mesmo em √©poca de elei√ß√µes, mas depois disso... Caralho @leilapereiralp fa√ßa alguma coisa... Copa do Brasil, Libertadores e BR. Que merda de gest√£o frouxa √© essa?",-1,31," Eu estava bem mentalmente, mesmo em √©poca de elei√ß√µes, mas depois disso... Caralho  fa√ßa alguma coisa... Copa do Brasil, Libertadores e BR. Que merda de gest√£o frouxa √© essa?"
['1576041054196813825'],1576041054196813825,"@TSEjusbr Eu estou desconfiado!
Um hacker ficou 8 meses e durante as elei√ß√µes no sistema eleitoral. A√≠ ao inv√©s de querer saber o que aconteceu, vcs apagaram os logs???
E olha que n√£o √© f√°cil apagar sem deixar rastro nenhum.

Se o sistema parar por um instante a contagem, melo!",-1,50," Eu estou desconfiado!
Um hacker ficou 8 meses e durante as elei√ß√µes no sistema eleitoral. A√≠ ao inv√©s de querer saber o que aconteceu, vcs apagaram os logs???
E olha que n√£o √© f√°cil apagar sem deixar rastro nenhum.

Se o sistema parar por um instante a contagem, melo!"
['1576041042612146176'],1576041042612146176,#Elei√ß√µesRJ2o22 ))) Rodrigo Neves (#PDT) promete Metr√¥ de #Niter√≥i a #Itabora√≠ e reconstruir Piscin√£o de #S√£oGon√ßalo https://t.co/JeyCwUxU9s,1,17,√ß√µesRJ2o22 ))) Rodrigo Neves () promete Metr√¥ de √≥i a √≠ e reconstruir Piscin√£o de √£oGon√ßalo 
['1576041034441625600'],1576041034441625600,"faz tempo que n√£o temos elei√ß√µes normais, contaminadas por essas mentiras e desinforma√ß√µes,na elei√ß√£o anterior usaram a tecnologia contra n√≥s.
mais um motivo para estarmos mais atentos e n√£o votarmos nesses passados que n√£o queremos,mas nos levam a querer, revezando na nossa cara https://t.co/qdF7OPzR7K",-1,44,"faz tempo que n√£o temos elei√ß√µes normais, contaminadas por essas mentiras e desinforma√ß√µes,na elei√ß√£o anterior usaram a tecnologia contra n√≥s.
mais um motivo para estarmos mais atentos e n√£o votarmos nesses passados que n√£o queremos,mas nos levam a querer, revezando na nossa cara "
['1576041030612156416'],1576041030612156416,"@LulaOficial @ptbrasil @gleisi @Cristianozaninm depois das elei√ß√µes, com Lula presidente, acho que √© hora de processar alguns vassalos do genocida, n√£o √© poss√≠vel eles ficarem difamando sem uma resposta: https://t.co/HTSQQCMEJN",-1,30,"    depois das elei√ß√µes, com Lula presidente, acho que √© hora de processar alguns vassalos do genocida, n√£o √© poss√≠vel eles ficarem difamando sem uma resposta: "
['1576041024564383745'],1576041024564383745,"@ErikakHilton QUE TIRO NO P√â.
BOLSONARO  FOI  INVENTAR  UM VENDEDOR  DE BIJUTERIAS  E VESTIU  O VIGARISTA DE  PADRE.
      BOLSONARO  E O PADRE  S√ÉO  DOIS  BANDIDOS VIGARISTA.
     O VAGABUNDO  AMIGO  DO BOZO √â VENDEDOR  DE BIJUTERIAS.....PODE
https://t.co/2tpUXod2Lg",-1,36," QUE TIRO NO P√â.
BOLSONARO  FOI  INVENTAR  UM VENDEDOR  DE BIJUTERIAS  E VESTIU  O VIGARISTA DE  PADRE.
      BOLSONARO  E O PADRE  S√ÉO  DOIS  BANDIDOS VIGARISTA.
     O VAGABUNDO  AMIGO  DO BOZO √â VENDEDOR  DE BIJUTERIAS.....PODE
"
['1576041018033549312'],1576041018033549312,minha maior felicidade vai ser qnd as elei√ß√µes acabarem,1,9,minha maior felicidade vai ser qnd as elei√ß√µes acabarem
['1576041005471498240'],1576041005471498240,As elei√ß√µes desse ano t√° um verdadeiro filme de terror https://t.co/ci31Uumb4I,-1,11,As elei√ß√µes desse ano t√° um verdadeiro filme de terror 
['1576040976082051072'],1576040976082051072,"@Lincoln9 QUE TIRO NO P√â.
BOLSONARO  FOI  INVENTAR  UM VENDEDOR  DE BIJUTERIAS  E VESTIU  O VIGARISTA DE  PADRE.
      BOLSONARO  E O PADRE  S√ÉO  DOIS  BANDIDOS VIGARISTA.
     O VAGABUNDO  AMIGO  DO BOZO √â VENDEDOR  DE BIJUTERIAS.....PODE
https://t.co/2tpUXnUTx8",-1,36," QUE TIRO NO P√â.
BOLSONARO  FOI  INVENTAR  UM VENDEDOR  DE BIJUTERIAS  E VESTIU  O VIGARISTA DE  PADRE.
      BOLSONARO  E O PADRE  S√ÉO  DOIS  BANDIDOS VIGARISTA.
     O VAGABUNDO  AMIGO  DO BOZO √â VENDEDOR  DE BIJUTERIAS.....PODE
"
['1576040948122779648'],1576040948122779648,"Como sempre, um esquema do PL 
https://t.co/0WksW6A2tF",0,7,"Como sempre, um esquema do PL 
"
['1576040929026527232'],1576040929026527232,um dia contar ent√£o crian√ßas a pandemia aconteceu mesmo quando eu tinha meus 20 e poucos anos e as crian√ßas nossa tia como foi isso e eu respondo pois √© ficamos trancados em casa eu twittei muito e depois nas elei√ß√µes de 2022 o lula e o alckm,0,48,um dia contar ent√£o crian√ßas a pandemia aconteceu mesmo quando eu tinha meus 20 e poucos anos e as crian√ßas nossa tia como foi isso e eu respondo pois √© ficamos trancados em casa eu twittei muito e depois nas elei√ß√µes de 2022 o lula e o alckm
['1576040914580930560'],1576040914580930560,"@conexaopolitica QUE TIRO NO P√â.
BOLSONARO  FOI  INVENTAR  UM VENDEDOR  DE BIJUTERIAS  E VESTIU  O VIGARISTA DE  PADRE.
      BOLSONARO  E O PADRE  S√ÉO  DOIS  BANDIDOS VIGARISTA.
     O VAGABUNDO  AMIGO  DO BOZO √â VENDEDOR  DE BIJUTERIAS.....PODE
https://t.co/2tpUXnUTx8",-1,36," QUE TIRO NO P√â.
BOLSONARO  FOI  INVENTAR  UM VENDEDOR  DE BIJUTERIAS  E VESTIU  O VIGARISTA DE  PADRE.
      BOLSONARO  E O PADRE  S√ÉO  DOIS  BANDIDOS VIGARISTA.
     O VAGABUNDO  AMIGO  DO BOZO √â VENDEDOR  DE BIJUTERIAS.....PODE
"
['1576040895555993601'],1576040895555993601,"@UOLNoticias @jairbolsonaro ANOTEM: Bolsonaro perder√° as elei√ß√µes pela quantidade de eleitores bolsonarista mortos na pandemia. 

A postura de politicamente incorreto irrespons√°vel antivax e a politiza√ß√£o da COVID19 ter√° um custo eleitoral.

Muitos bolsonaristas morreram, algu√©m sabe quantos?",-1,37,"  ANOTEM: Bolsonaro perder√° as elei√ß√µes pela quantidade de eleitores bolsonarista mortos na pandemia. 

A postura de politicamente incorreto irrespons√°vel antivax e a politiza√ß√£o da COVID19 ter√° um custo eleitoral.

Muitos bolsonaristas morreram, algu√©m sabe quantos?"
['1576040875909877760'],1576040875909877760,Lado a lado dando o nome no marketing das elei√ß√µes kkkkkk,0,11,Lado a lado dando o nome no marketing das elei√ß√µes kkkkkk
['1576040865944211459'],1576040865944211459,"@ChapecoenseReal @Cruzeiro QUE TIRO NO P√â.
BOLSONARO  FOI  INVENTAR  UM VENDEDOR  DE BIJUTERIAS  E VESTIU  O VIGARISTA DE  PADRE.
      BOLSONARO  E O PADRE  S√ÉO  DOIS  BANDIDOS VIGARISTA.
     O VAGABUNDO  AMIGO  DO BOZO √â VENDEDOR  DE BIJUTERIAS.....PODE
https://t.co/2tpUXod2Lg",-1,37,"  QUE TIRO NO P√â.
BOLSONARO  FOI  INVENTAR  UM VENDEDOR  DE BIJUTERIAS  E VESTIU  O VIGARISTA DE  PADRE.
      BOLSONARO  E O PADRE  S√ÉO  DOIS  BANDIDOS VIGARISTA.
     O VAGABUNDO  AMIGO  DO BOZO √â VENDEDOR  DE BIJUTERIAS.....PODE
"
['1576040852597932033'],1576040852597932033,"Algu√©m nos coment√°rios disse que ""Salvador antes era reduto petista, e que agora √© 22"" Vamos aguardar o resultado das elei√ß√µes https://t.co/qXGCRnfzRh",0,22,"Algu√©m nos coment√°rios disse que ""Salvador antes era reduto petista, e que agora √© 22"" Vamos aguardar o resultado das elei√ß√µes "
['1576040847774482432'],1576040847774482432,"Estou aqui quase MEIA NOITE montando um bingo para quem vai ganhar as elei√ß√µes para governador pelo Brasil üòÇ

Respeita?",0,20,"Estou aqui quase MEIA NOITE montando um bingo para quem vai ganhar as elei√ß√µes para governador pelo Brasil 

Respeita?"
['1576040847455375360'],1576040847455375360,"J√° sei quem vai ganhar as elei√ß√µes e espero que d√™ tudo certo, que os famosos n√£o estejam errados e que tudo melhore. Pq eu moro no Brasil e n√£o quero que nada de ruim aconte√ßa, e se um dia acontecer, que seja num futuro bem distante, quando eu tiver dinheiro pra sair do Brasil",1,55,"J√° sei quem vai ganhar as elei√ß√µes e espero que d√™ tudo certo, que os famosos n√£o estejam errados e que tudo melhore. Pq eu moro no Brasil e n√£o quero que nada de ruim aconte√ßa, e se um dia acontecer, que seja num futuro bem distante, quando eu tiver dinheiro pra sair do Brasil"
['1576040826358333440'],1576040826358333440,Paz nas elei√ß√µes e s√≥ vota quem tem t√≠tulo validado nos √∫ltimos 4 anos https://t.co/xwNRET4mNO,1,15,Paz nas elei√ß√µes e s√≥ vota quem tem t√≠tulo validado nos √∫ltimos 4 anos 
['1576040825905025024'],1576040825905025024,"@QuebrandoOTabu @CartDasCavernas ANOTEM: Bolsonaro perder√° as elei√ß√µes pela quantidade de eleitores bolsonarista mortos na pandemia. 

A postura de politicamente incorreto irrespons√°vel antivax e a politiza√ß√£o da COVID19 ter√° um custo eleitoral.

Muitos bolsonaristas morreram, algu√©m sabe quantos?",-1,37,"  ANOTEM: Bolsonaro perder√° as elei√ß√µes pela quantidade de eleitores bolsonarista mortos na pandemia. 

A postura de politicamente incorreto irrespons√°vel antivax e a politiza√ß√£o da COVID19 ter√° um custo eleitoral.

Muitos bolsonaristas morreram, algu√©m sabe quantos?"
['1576040802023014400'],1576040802023014400,"@maedoAleEdoLevi aiii sim, eu amo esse clima de copa e com a camisa s tudo, mas esse ano t√° dif√≠cil sair com uma camisa do Brasil na rua, arriscando a tomar um tiro ou uma facada, s√≥ quero que passe logo as elei√ß√µes ü§¶üèæ‚Äç‚ôÄÔ∏è",0,44," aiii sim, eu amo esse clima de copa e com a camisa s tudo, mas esse ano t√° dif√≠cil sair com uma camisa do Brasil na rua, arriscando a tomar um tiro ou uma facada, s√≥ quero que passe logo as elei√ß√µes ü§¶‚Äç‚ôÄÔ∏è"
['1576040800604913664'],1576040800604913664,"@Cruzeiro QUE TIRO NO P√â.
BOLSONARO  FOI  INVENTAR  UM VENDEDOR  DE BIJUTERIAS  E VESTIU  O VIGARISTA DE  PADRE.
      BOLSONARO  E O PADRE  S√ÉO  DOIS  BANDIDOS VIGARISTA.
     O VAGABUNDO  AMIGO  DO BOZO √â VENDEDOR  DE BIJUTERIAS.....PODE
https://t.co/2tpUXnUTx8",-1,36," QUE TIRO NO P√â.
BOLSONARO  FOI  INVENTAR  UM VENDEDOR  DE BIJUTERIAS  E VESTIU  O VIGARISTA DE  PADRE.
      BOLSONARO  E O PADRE  S√ÉO  DOIS  BANDIDOS VIGARISTA.
     O VAGABUNDO  AMIGO  DO BOZO √â VENDEDOR  DE BIJUTERIAS.....PODE
"
['1576040798444957698'],1576040798444957698,"@CristianoCalpes @jairbolsonaro Algu√©m nos coment√°rios disse que ""Salvador antes era reduto petista, e que agora √© 22"" Vamos aguardar o resultado das elei√ß√µes",0,23,"  Algu√©m nos coment√°rios disse que ""Salvador antes era reduto petista, e que agora √© 22"" Vamos aguardar o resultado das elei√ß√µes"
['1576040783731269635'],1576040783731269635,"S√≥ quem sofreu com o resultado das elei√ß√µes de 2018, sabe a ansiedade que bate sabendo que dia 02 de outubro est√° pr√≥ximo ! 

#LulaPresidenteNo1¬∫Turno",0,25,"S√≥ quem sofreu com o resultado das elei√ß√µes de 2018, sabe a ansiedade que bate sabendo que dia 02 de outubro est√° pr√≥ximo ! 

¬∫Turno"
['1576040782833893377'],1576040782833893377,"CANDIDATO: 38038 P10103/sp acaba de se eleger para o cargo de Deputado Federal com 16.006, a maior soma de votos do estado. Saiba mais em https://t.co/v94VD6S4Gi #eleicao2022 #metapolitica #metaperfil #camaradosdeputados https://t.co/z67tY7UIup",0,31,"CANDIDATO: 38038 P10103/sp acaba de se eleger para o cargo de Deputado Federal com 16.006, a maior soma de votos do estado. Saiba mais em      "
['1576040774973722624'],1576040774973722624,"CANDIDATO: 36404 P10101/sc acaba de se eleger para o cargo de Deputado Federal com 16.589, a maior soma de votos do estado. Saiba mais em https://t.co/v94VD6S4Gi #eleicao2022 #metapolitica #metaperfil #camaradosdeputados https://t.co/3ZRXyS9Igr",0,31,"CANDIDATO: 36404 P10101/sc acaba de se eleger para o cargo de Deputado Federal com 16.589, a maior soma de votos do estado. Saiba mais em      "
['1576040767591694336'],1576040767591694336,"CANDIDATO: 34318 P10184/rr acaba de se eleger para o cargo de Deputado Federal com 0, a maior soma de votos do estado. Saiba mais em https://t.co/v94VD6S4Gi #eleicao2022 #metapolitica #metaperfil #camaradosdeputados https://t.co/ewD4BC2B6D",0,31,"CANDIDATO: 34318 P10184/rr acaba de se eleger para o cargo de Deputado Federal com 0, a maior soma de votos do estado. Saiba mais em      "
['1576040759710699521'],1576040759710699521,"CANDIDATO: 33690 P10186/ro acaba de se eleger para o cargo de Deputado Federal com 8.207, a maior soma de votos do estado. Saiba mais em https://t.co/v94VD6S4Gi #eleicao2022 #metapolitica #metaperfil #camaradosdeputados https://t.co/6ktLJpYP9A",0,31,"CANDIDATO: 33690 P10186/ro acaba de se eleger para o cargo de Deputado Federal com 8.207, a maior soma de votos do estado. Saiba mais em      "
['1576040756703526912'],1576040756703526912,"@Bob_Fernandes Bob, a nota me parece correta pois n√£o √© papel do Ex√©rcito dizer que vai ou n√£o respeitar resultados das elei√ß√µes.
Uma mat√©ria como esta do Estad√£o que n√£o cita fonte me parece mais um recado de alguns personagens verde-oliva que insistem em meter o bedelho onde n√£o s√£o chamados.",-1,51," Bob, a nota me parece correta pois n√£o √© papel do Ex√©rcito dizer que vai ou n√£o respeitar resultados das elei√ß√µes.
Uma mat√©ria como esta do Estad√£o que n√£o cita fonte me parece mais um recado de alguns personagens verde-oliva que insistem em meter o bedelho onde n√£o s√£o chamados."
['1576040756426723328'],1576040756426723328,"Ipec em SC: Jorginho Mello tem 29% e Mois√©s, 23%, nos votos v√°lidos https://t.co/0vuNPlxFPl",0,14,"Ipec em SC: Jorginho Mello tem 29% e Mois√©s, 23%, nos votos v√°lidos "
['1576040751418728448'],1576040751418728448,"CANDIDATO: 36081 P10108/rs acaba de se eleger para o cargo de Deputado Federal com 13.956, a maior soma de votos do estado. Saiba mais em https://t.co/v94VD6SCvQ #eleicao2022 #metapolitica #metaperfil #camaradosdeputados https://t.co/PWnCKyA8GM",0,31,"CANDIDATO: 36081 P10108/rs acaba de se eleger para o cargo de Deputado Federal com 13.956, a maior soma de votos do estado. Saiba mais em      "
['1576040744049164289'],1576040744049164289,"CANDIDATO: 32891 P10181/rn acaba de se eleger para o cargo de Deputado Federal com 16.310, a maior soma de votos do estado. Saiba mais em https://t.co/v94VD6S4Gi #eleicao2022 #metapolitica #metaperfil #camaradosdeputados https://t.co/dEFWY7sPHW",0,31,"CANDIDATO: 32891 P10181/rn acaba de se eleger para o cargo de Deputado Federal com 16.310, a maior soma de votos do estado. Saiba mais em      "
['1576040735987695616'],1576040735987695616,"CANDIDATO: 29311 P10104/rj acaba de se eleger para o cargo de Deputado Federal com 8.594, a maior soma de votos do estado. Saiba mais em https://t.co/v94VD6S4Gi #eleicao2022 #metapolitica #metaperfil #camaradosdeputados https://t.co/OcRIxZrGO3",0,31,"CANDIDATO: 29311 P10104/rj acaba de se eleger para o cargo de Deputado Federal com 8.594, a maior soma de votos do estado. Saiba mais em      "
['1576040733991383040'],1576040733991383040,"@ipnacional QUE TIRO NO P√â.
BOLSONARO  FOI  INVENTAR  UM VENDEDOR  DE BIJUTERIAS  E VESTIU  O VIGARISTA DE  PADRE.
      BOLSONARO  E O PADRE  S√ÉO  DOIS  BANDIDOS VIGARISTA.
     O VAGABUNDO  AMIGO  DO BOZO √â VENDEDOR  DE BIJUTERIAS.....PODE
https://t.co/2tpUXod2Lg",-1,36," QUE TIRO NO P√â.
BOLSONARO  FOI  INVENTAR  UM VENDEDOR  DE BIJUTERIAS  E VESTIU  O VIGARISTA DE  PADRE.
      BOLSONARO  E O PADRE  S√ÉO  DOIS  BANDIDOS VIGARISTA.
     O VAGABUNDO  AMIGO  DO BOZO √â VENDEDOR  DE BIJUTERIAS.....PODE
"
['1576040728119185408'],1576040728119185408,"Tempo permanece chuvoso em Hortol√¢ndia at√© o domingo de elei√ß√µes. Alerta amarelo de perigo potencial √© v√°lido at√© √†s 09h desse s√°bado (1¬∞).

O Instituto Nacional de Meteorologia (INMET) emitiu alerta amarelo de perigo potencial de chuvas intensas para

https://t.co/dzzi2skwU3 https://t.co/WFgiOjJai9",0,41,"Tempo permanece chuvoso em Hortol√¢ndia at√© o domingo de elei√ß√µes. Alerta amarelo de perigo potencial √© v√°lido at√© √†s 09h desse s√°bado (1¬∞).

O Instituto Nacional de Meteorologia (INMET) emitiu alerta amarelo de perigo potencial de chuvas intensas para

 "
['1576040727972401153'],1576040727972401153,"CANDIDATO: 27250 P10108/pi acaba de se eleger para o cargo de Deputado Federal com 13.475, a maior soma de votos do estado. Saiba mais em https://t.co/v94VD6S4Gi #eleicao2022 #metapolitica #metaperfil #camaradosdeputados https://t.co/k3dYOtoNCI",0,31,"CANDIDATO: 27250 P10108/pi acaba de se eleger para o cargo de Deputado Federal com 13.475, a maior soma de votos do estado. Saiba mais em      "
['1576040725728628736'],1576040725728628736,"#Elei√ß√µesRJ2o22 ))) Freixo (#PSB) se re√∫ne com Lula e promete ensino integral em escolas e creches
https://t.co/N4lxSB8HEl",1,17,"√ß√µesRJ2o22 ))) Freixo () se re√∫ne com Lula e promete ensino integral em escolas e creches
"
['1576040720577794054'],1576040720577794054,"CANDIDATO: 26376 P10186/pe acaba de se eleger para o cargo de Deputado Federal com 14.792, a maior soma de votos do estado. Saiba mais em https://t.co/v94VD6S4Gi #eleicao2022 #metapolitica #metaperfil #camaradosdeputados https://t.co/JKonX4oYUD",0,31,"CANDIDATO: 26376 P10186/pe acaba de se eleger para o cargo de Deputado Federal com 14.792, a maior soma de votos do estado. Saiba mais em      "
['1576056784103821312'],1576056784103821312,pprt imagino mais ela votando na tebet do q Lula e BOLSY https://t.co/3jm4Dm2BSw,0,13,pprt imagino mais ela votando na tebet do q Lula e BOLSY 
['1576056778541785088'],1576056778541785088,"@LSerbake Kkkkkkkkk... Povo burro, acha q ela vai falar q vai votar no lula? Claro que vai votar no lula, vcs fazem press√£o em cima das funcion√°rias e quer o q?Ela sabe q no governo lula, as dom√©sticas quase entraram em extin√ß√£o. Lembro bem,pq come√ßaram a ter empregos melhores em f√°bricas",-1,51," Kkkkkkkkk... Povo burro, acha q ela vai falar q vai votar no lula? Claro que vai votar no lula, vcs fazem press√£o em cima das funcion√°rias e quer o q?Ela sabe q no governo lula, as dom√©sticas quase entraram em extin√ß√£o. Lembro bem,pq come√ßaram a ter empregos melhores em f√°bricas"
['1576056777358995456'],1576056777358995456,"Meu voto no primeiro turno √© da @SofiaManzanoPCB , segundo turno se houver √© Lula √≥bvio. o Bolsonaro representa o oposto daquilo que eu acredito e sigo, e nada vai mudar a minha opini√£o.",1,34,"Meu voto no primeiro turno √© da  , segundo turno se houver √© Lula √≥bvio. o Bolsonaro representa o oposto daquilo que eu acredito e sigo, e nada vai mudar a minha opini√£o."
['1576056775148990464'],1576056775148990464,"@Sandrod26313638 @LulaOficial @Jeronimoba13 @ottoalencar @costa_rui @ricardostuckert Esse eh melhor chefe lula racista
https://t.co/HEMzA71tXE https://t.co/b4uOtEy0TW",-1,14,"      Esse eh melhor chefe lula racista
 "
['1576056773605486592'],1576056773605486592,@mathtoscano @taoquei1 KKKKKKKKKKKKKKKK sim ele √© candidato √© no √∫ltimo momento vai pedir voto pro lula o Ser Idefinido....Agora pedir voto √© apequenar amigo dia 02 volte aqui as 22H a√≠ saberemos a realidade,0,34,  KKKKKKKKKKKKKKKK sim ele √© candidato √© no √∫ltimo momento vai pedir voto pro lula o Ser Idefinido....Agora pedir voto √© apequenar amigo dia 02 volte aqui as 22H a√≠ saberemos a realidade
['1576056772468801537'],1576056772468801537,"@gustavocanalhao Caue moura, ped√≥filo, apoiador do Lula..",-1,7," Caue moura, ped√≥filo, apoiador do Lula.."
['1576056765405622273'],1576056765405622273,"Nem lula nem Bolsonaro ,meu voto vai pra ele https://t.co/RiwVRp0OhY",0,10,"Nem lula nem Bolsonaro ,meu voto vai pra ele "
['1576056765182922752'],1576056765182922752,"@elloane_zara @IMedicis @BettyFaria At√© l√° o Lula j√° estar√° em estado terminal com cirrose e a Janja j√° o ter√° abandonado. 
Ap√≥s a reelei√ß√£o de Bolsonaro ser√° eleito o governador de sp, Tarc√≠sio de Freitas, para a presid√™ncia da Rep√∫blica 
Acabou pra vcs",-1,43,"   At√© l√° o Lula j√° estar√° em estado terminal com cirrose e a Janja j√° o ter√° abandonado. 
Ap√≥s a reelei√ß√£o de Bolsonaro ser√° eleito o governador de sp, Tarc√≠sio de Freitas, para a presid√™ncia da Rep√∫blica 
Acabou pra vcs"
['1576056762788352005'],1576056762788352005,quero o lula liberando verba pras ufs j√° em janeiro a que receber mais dinheiro eu t√¥ indo,1,18,quero o lula liberando verba pras ufs j√° em janeiro a que receber mais dinheiro eu t√¥ indo
['1576056761932713984'],1576056761932713984,"Acho que Lula vai surpreender com uma quantidade bizarra de voto em sil√™ncio

Vai HUMILHAR o capet√£o. Papo do cara virar p√°ria",1,22,"Acho que Lula vai surpreender com uma quantidade bizarra de voto em sil√™ncio

Vai HUMILHAR o capet√£o. Papo do cara virar p√°ria"
['1576056756249456640'],1576056756249456640,"@iseestrelaa Entendo vc gostar do Ciro, mas no momento a ida dele.para o segundo turno n√£o √© uma possibilidade. Ser√° que entre Lula e Bolsonaro vc n√£o v√™ a diferen√ßa? Ainda d√° tempo de refletir",0,35," Entendo vc gostar do Ciro, mas no momento a ida dele.para o segundo turno n√£o √© uma possibilidade. Ser√° que entre Lula e Bolsonaro vc n√£o v√™ a diferen√ßa? Ainda d√° tempo de refletir"
['1576056754722377728'],1576056754722377728,"Este √© o Padre que o Lula e sua corja de vagabundos tentam cancelar. Ladr√µes, canalhas. https://t.co/3IaESnkXId",-1,17,"Este √© o Padre que o Lula e sua corja de vagabundos tentam cancelar. Ladr√µes, canalhas. "
['1576056754135191552'],1576056754135191552,@rosana Lula q n tem como se defender pq n√£o existe essa possibilidade mas pra vcs q querem a mamata ignorar isso √© f√°cil,-1,24, Lula q n tem como se defender pq n√£o existe essa possibilidade mas pra vcs q querem a mamata ignorar isso √© f√°cil
['1576056750892933120'],1576056750892933120,@Ro_almeida24 @vitorsergio @matheus_karil So que o Ciro √© a mistura de Lula e Bolsonaro e desde 2014 que ele deixou de ser op√ß√£o de voto pra mim.,0,27,   So que o Ciro √© a mistura de Lula e Bolsonaro e desde 2014 que ele deixou de ser op√ß√£o de voto pra mim.
['1576056750481907904'],1576056750481907904,"@LulaOficial Vai ser no 1o turno!!!!

https://t.co/mPgP9jy0f9",1,7," Vai ser no 1o turno!!!!

"
['1576056744991543296'],1576056744991543296,"quero q lula e bolsonaro se foda, o bglh √© boca de 0nine na presid√™ncia",0,15,"quero q lula e bolsonaro se foda, o bglh √© boca de 0nine na presid√™ncia"
['1576056741971755009'],1576056741971755009,"Padre Kelmon olhou fundo nos olhos do Lula e viu trevas, √≥dio e escurid√£o.

Coitado do Brasil se esta criatura trevosa voltar ao poder.",0,24,"Padre Kelmon olhou fundo nos olhos do Lula e viu trevas, √≥dio e escurid√£o.

Coitado do Brasil se esta criatura trevosa voltar ao poder."
['1576056740596289536'],1576056740596289536,"üëèüèª
N√£o √© pelo Lula. N√£o √© pelo PT.
√â pela vida de todos n√≥s. https://t.co/MEVmCeuTeh",1,16,"
N√£o √© pelo Lula. N√£o √© pelo PT.
√â pela vida de todos n√≥s. "
['1576056738305871872'],1576056738305871872,√â Lula l√° n√© #LGBTsVotam13 https://t.co/9pfSeBvBJr,0,6,√â Lula l√° n√©  
['1576056737123119105'],1576056737123119105,"@Velberan √â o reflexo do fracasso educacional no Brasil.

Infelizmente, a gente vai ter que votar pra tirar um PUTO como esse bolsonaro no primeiro turno.

Claro.. Com altas chances do novo ""governo lula"" dar MUITO ERRADO por v√°rios fatores.. Mas bolsonaro n da mais n.. sinceramente...",-1,47," √â o reflexo do fracasso educacional no Brasil.

Infelizmente, a gente vai ter que votar pra tirar um PUTO como esse bolsonaro no primeiro turno.

Claro.. Com altas chances do novo ""governo lula"" dar MUITO ERRADO por v√°rios fatores.. Mas bolsonaro n da mais n.. sinceramente..."
['1576056729766625280'],1576056729766625280,@ThiagoResiste @LulaOficial ESTOU COM LULA,1,5,  ESTOU COM LULA
['1576056728700919809'],1576056728700919809,Simplesmente Lula no 1¬∫ turno üòç https://t.co/EZhkNXBBnx,1,7,Simplesmente Lula no 1¬∫ turno  
['1576056728197615617'],1576056728197615617,@SF_Moro Lula n√£o foi absolvido...,0,5, Lula n√£o foi absolvido...
['1576056722653073408'],1576056722653073408,"@FlavioBolsonaro Al√¥ PTralhas

Reforcem o estoque de RIVOTRIL para + 4 ANOS.

KEEP KALM n√≥s aguentamos a ESQUERDA SOCIALISTA durante 24 anos, Fernando Henrique, Lula, Dilma e Temer. https://t.co/LP7My9nzW6",-1,29," Al√¥ PTralhas

Reforcem o estoque de RIVOTRIL para + 4 ANOS.

KEEP KALM n√≥s aguentamos a ESQUERDA SOCIALISTA durante 24 anos, Fernando Henrique, Lula, Dilma e Temer. "
['1576056721448976384'],1576056721448976384,lula presidente e m√™s aben√ßoado pra nois üôåüèªü´∂üèº,1,8,lula presidente e m√™s aben√ßoado pra nois ü´∂
['1576056713072910336'],1576056713072910336,"Meu pai achou que fosse meme eu votar no lula, coitado kakakaak o desgosto dele",0,15,"Meu pai achou que fosse meme eu votar no lula, coitado kakakaak o desgosto dele"
['1576056707079290880'],1576056707079290880,@1Zolin @kmilaamerico @OliveiraSildoca @LulaOficial H1n1 n√£o tinha vacina . Lula n√£o comprou . Quantas crian√ßas morreram na aquela √©poca.,-1,19,    H1n1 n√£o tinha vacina . Lula n√£o comprou . Quantas crian√ßas morreram na aquela √©poca.
['1576056701748289536'],1576056701748289536,"Papai Lula tem que ganhar, meu esp√≠rito de fofoqueira clama pra saber o que tem atr√°s dos sigilos de 100 anos",1,21,"Papai Lula tem que ganhar, meu esp√≠rito de fofoqueira clama pra saber o que tem atr√°s dos sigilos de 100 anos"
['1576056700343267328'],1576056700343267328,lu√≠s in√°cio lula da silva marru√° https://t.co/Z3JtpVjvBb,0,7,lu√≠s in√°cio lula da silva marru√° 
['1576056694173335553'],1576056694173335553,"Na reta final, Lula arrasta multid√£o em Fortaleza e pede Elmano para governador https://t.co/C1YJWjVrvt",0,14,"Na reta final, Lula arrasta multid√£o em Fortaleza e pede Elmano para governador "
['1576056692948627456'],1576056692948627456,"@Estadao @EstadaoPolitica e da√≠? O Lula tamb√©m mentiu dizendo que √© religioso e religioso ele nunca foi, rs.",-1,18,"  e da√≠? O Lula tamb√©m mentiu dizendo que √© religioso e religioso ele nunca foi, rs."
['1576056692864733184'],1576056692864733184,Eu sou 100% contra o PT e o Lula! Bjs,0,10,Eu sou 100% contra o PT e o Lula! Bjs
['1576056688393625602'],1576056688393625602,"@Roodrygoo1993 @vividias_ Mas estao √© as pesquisas apontam lula em primeiro e bolsonaro em segundo...
 O que fazer?",0,18,"  Mas estao √© as pesquisas apontam lula em primeiro e bolsonaro em segundo...
 O que fazer?"
['1576056682810990592'],1576056682810990592,"¬°Luiz In√°cio Lula da Silva, ser√° elegido Presidente de la Rep√∫blica Federativa de Brasil, este domingo 2 de Octubre!
@LulaOficial @petrogustavo",1,21,"¬°Luiz In√°cio Lula da Silva, ser√° elegido Presidente de la Rep√∫blica Federativa de Brasil, este domingo 2 de Octubre!
 "
['1576056673298284545'],1576056673298284545,"@detremura A minha cidade √© ligada ao Agro e outro dia sai com um botom de Lula e um sujeito tirou uma foto minha para me expor, que exigi que apagasse. E a maioria da popula√ß√£o tem m√©dia salarial baixa e acha que √© elite. Impressionante a Matrix que vivem. Vou com a camiseta abaixo: https://t.co/edvyMa4rlh",0,56," A minha cidade √© ligada ao Agro e outro dia sai com um botom de Lula e um sujeito tirou uma foto minha para me expor, que exigi que apagasse. E a maioria da popula√ß√£o tem m√©dia salarial baixa e acha que √© elite. Impressionante a Matrix que vivem. Vou com a camiseta abaixo: "
['1576056647319179264'],1576056647319179264,"@batistajaque_ O voto racional √© Sofia 21
O voto pra tirar logo o Satan√°s √© Lula 13",1,17," O voto racional √© Sofia 21
O voto pra tirar logo o Satan√°s √© Lula 13"
['1576056646614233088'],1576056646614233088,@Miltonneves Domingo √© dia 2 do m√™s 10 √© igual a 2+10+eu=a 13 de LULA,0,15, Domingo √© dia 2 do m√™s 10 √© igual a 2+10+eu=a 13 de LULA
['1576056644793905152'],1576056644793905152,@brunalouiseef eu na vida quando posto algo de lula e quero saber quem fez o favor de deixar de me seguir kkkkk,0,22, eu na vida quando posto algo de lula e quero saber quem fez o favor de deixar de me seguir kkkkk
['1576056643585855489'],1576056643585855489,@fabiofaria Assim que Lula for eleito presidente Ciro Nogueira e F√°bio Faria v√£o entrar em uma esp√©cie de quarentena e passando essa etapa v√£o vir igual a cachorrinhos  atr√°s de Lula pedindo cargos no governo porque vcs s√£o parasitas! https://t.co/tra1SaTF3Q,-1,40, Assim que Lula for eleito presidente Ciro Nogueira e F√°bio Faria v√£o entrar em uma esp√©cie de quarentena e passando essa etapa v√£o vir igual a cachorrinhos  atr√°s de Lula pedindo cargos no governo porque vcs s√£o parasitas! 
['1576056640628875264'],1576056640628875264,"@gamermaxgyn @ComandanteMb Que povo, se a maioria do povo democraticamente votar no Lula? https://t.co/68suMFkt4g",0,14,"  Que povo, se a maioria do povo democraticamente votar no Lula? "
['1576056636732383233'],1576056636732383233,Acho q o tiro desse padre saiu pela culatra hein kkkkkkkk vai eleger Lula no 1 turno,0,17,Acho q o tiro desse padre saiu pela culatra hein kkkkkkkk vai eleger Lula no 1 turno
['1576056635369234432'],1576056635369234432,"@andalemanyto Depois que tudo que passou, golpe em Dilma, c√°rcere do Lula... a mentira golpista dos nazi-fascistas vai ser derrotada pelo povo. O Brasil est√° sendo saqueado desde o golpe em Dilma... espero que Cristina na Argentina n√£o seja v√≠tima tamb√©m de um golpe futuro",-1,45," Depois que tudo que passou, golpe em Dilma, c√°rcere do Lula... a mentira golpista dos nazi-fascistas vai ser derrotada pelo povo. O Brasil est√° sendo saqueado desde o golpe em Dilma... espero que Cristina na Argentina n√£o seja v√≠tima tamb√©m de um golpe futuro"
['1576056634719158273'],1576056634719158273,"@AndradeRNegro2 Bolsonaro genocida 
Fora bolsonaro üêΩ 
Fogo nos racistas 
Volta Lula 
Volta Lula Volta Lula Volta Lula 
Fora bolsonaro üêΩ",-1,20," Bolsonaro genocida 
Fora bolsonaro  
Fogo nos racistas 
Volta Lula 
Volta Lula Volta Lula Volta Lula 
Fora bolsonaro "
['1576056634715303940'],1576056634715303940,Eu s√≥ pe√ßo uma coisa‚Ä¶ que EXU nos d√™ lula no primeiro turno. LAROYE üî•,1,15,Eu s√≥ pe√ßo uma coisa‚Ä¶ que EXU nos d√™ lula no primeiro turno. LAROYE 
['1576056632894980096'],1576056632894980096,@Reuters Lula is corrupt,-1,4, Lula is corrupt
['1576056622228832256'],1576056622228832256,"@kamillaalbino @neymarjr O certo √© o Neymar ir pedir para o Gilmar perdoar a d√≠vida dele, se perdoou 18 milh√µes do Lula, perdoa a d√≠vida de qualquer um, , para tirar o povo do SPC √© Gilmar Mendes e n√£o Ciro",-1,41,"  O certo √© o Neymar ir pedir para o Gilmar perdoar a d√≠vida dele, se perdoou 18 milh√µes do Lula, perdoa a d√≠vida de qualquer um, , para tirar o povo do SPC √© Gilmar Mendes e n√£o Ciro"
['1576056619452223489'],1576056619452223489,"@VEJA Foram pra cima do Lula, achando que ele iria arregar, deixar pr√° l√°. N√ÉO! Lula fez o certo em reagir sem desrespeitar o FALSO PADRE. E assim como o Bonner, ningu√©m com bom senso estava mais aguentando ver aquela canalhice do KELMONARO!
ESTOU COM LULA!",1,46," Foram pra cima do Lula, achando que ele iria arregar, deixar pr√° l√°. N√ÉO! Lula fez o certo em reagir sem desrespeitar o FALSO PADRE. E assim como o Bonner, ningu√©m com bom senso estava mais aguentando ver aquela canalhice do KELMONARO!
ESTOU COM LULA!"
['1576056617694478337'],1576056617694478337,"@MarceloAdnet Todos entendemos o teu desespero para falar uma idiotice delas. Sugiro assistir novamente, principalmente quando Lula diz que prefere deixar os puros candidatos falarem, depois de ser cozinhado pelo Bolsonaro.",-1,31," Todos entendemos o teu desespero para falar uma idiotice delas. Sugiro assistir novamente, principalmente quando Lula diz que prefere deixar os puros candidatos falarem, depois de ser cozinhado pelo Bolsonaro."
['1576039656684081152'],1576039656684081152,"@Lacan_E_Freud @ReutersPolitics Resumindo: vc √© um alienado pelo pt, Enganado pela m√≠dia globo e que nao entende de pol√≠tica, vc apoia ditaduras, comunismo e o socialismo. tudo que n√£o presta, Tudo coisa ruim !",-1,34,"  Resumindo: vc √© um alienado pelo pt, Enganado pela m√≠dia globo e que nao entende de pol√≠tica, vc apoia ditaduras, comunismo e o socialismo. tudo que n√£o presta, Tudo coisa ruim !"
['1576039649100722176'],1576039649100722176,"@felipeneto @VeroInstituto QUE TIRO NO P√â.
BOLSONARO  FOI  INVENTAR  UM VENDEDOR  DE BIJUTERIAS  E VESTIU  O VIGARISTA DE  PADRE.
      BOLSONARO  E O PADRE  S√ÉO  DOIS  BANDIDOS VIGARISTA.
     O VAGABUNDO  AMIGO  DO BOZO √â VENDEDOR  DE BIJUTERIAS.....PODE
https://t.co/2tpUXnUTx8",-1,37,"  QUE TIRO NO P√â.
BOLSONARO  FOI  INVENTAR  UM VENDEDOR  DE BIJUTERIAS  E VESTIU  O VIGARISTA DE  PADRE.
      BOLSONARO  E O PADRE  S√ÉO  DOIS  BANDIDOS VIGARISTA.
     O VAGABUNDO  AMIGO  DO BOZO √â VENDEDOR  DE BIJUTERIAS.....PODE
"
['1576039646256979968'],1576039646256979968,"N√£o aguento mais ver coisa de pol√≠tica, miseric√≥rdia",-1,8,"N√£o aguento mais ver coisa de pol√≠tica, miseric√≥rdia"
['1576039634874007554'],1576039634874007554,falou de pol√≠tica at√© brochei mas a√≠ falou de uma m√∫sica que te lembrou eu ent√£o conquistou de novo,0,19,falou de pol√≠tica at√© brochei mas a√≠ falou de uma m√∫sica que te lembrou eu ent√£o conquistou de novo
['1576039634492325888'],1576039634492325888,assim... n √© por nada n√£o... mas pq o mark ruffaIo gosta tanto de dar pitaco na pol√≠tica brasileira üßê,-1,20,assim... n √© por nada n√£o... mas pq o mark ruffaIo gosta tanto de dar pitaco na pol√≠tica brasileira üßê
['1576039626254749696'],1576039626254749696,@_manudsa_ Esqueci que voc√™ n√£o manja de pol√≠tica igual eu ü•±üôÑ,-1,11, Esqueci que voc√™ n√£o manja de pol√≠tica igual eu ü•±
['1576039625776300034'],1576039625776300034,Celulares s√£o furtados e suspeitos presos durante caminhada pol√≠tica em¬†Salvador https://t.co/9gqUqkKND5,0,12,Celulares s√£o furtados e suspeitos presos durante caminhada pol√≠tica em¬†Salvador 
['1576039615361732609'],1576039615361732609,"@tabataamaralsp @caetanoveloso @caetanoveloso ... Vc √© um FDP!!!!

#TabataAmaral √© mais uma vez detonada nas redes por votar a favor da #privatiza√ß√£odosCorreios

https://t.co/I9ELuYTd5b",-1,23,"   ... Vc √© um FDP!!!!

 √© mais uma vez detonada nas redes por votar a favor da √ß√£odosCorreios

"
['1576039612996517888'],1576039612996517888,"@RenatoF21950536 @RealAleffOliver @gabimadalhano @felipeneto Talvez quem sabe? Vc acha mesmo que um pol√≠tico que est√° a 30 anos na pol√≠tica com seus filhos, fazendo uma pol√≠tica insignificante, nao tava roubando esses anos todos. Em liga√ß√µes claras com mil√≠cias e igrejas, crescendo patrim√¥nio privado... talvez quem sabe n√©.",-1,47,"    Talvez quem sabe? Vc acha mesmo que um pol√≠tico que est√° a 30 anos na pol√≠tica com seus filhos, fazendo uma pol√≠tica insignificante, nao tava roubando esses anos todos. Em liga√ß√µes claras com mil√≠cias e igrejas, crescendo patrim√¥nio privado... talvez quem sabe n√©."
['1576039608332451840'],1576039608332451840,"@felipeneto QUE TIRO NO P√â.
BOLSONARO  FOI  INVENTAR  UM VENDEDOR  DE BIJUTERIAS  E VESTIU  O VIGARISTA DE  PADRE.
      BOLSONARO  E O PADRE  S√ÉO  DOIS  BANDIDOS VIGARISTA.
     O VAGABUNDO  AMIGO  DO BOZO √â VENDEDOR  DE BIJUTERIAS.....PODE
https://t.co/2tpUXod2Lg",-1,36," QUE TIRO NO P√â.
BOLSONARO  FOI  INVENTAR  UM VENDEDOR  DE BIJUTERIAS  E VESTIU  O VIGARISTA DE  PADRE.
      BOLSONARO  E O PADRE  S√ÉO  DOIS  BANDIDOS VIGARISTA.
     O VAGABUNDO  AMIGO  DO BOZO √â VENDEDOR  DE BIJUTERIAS.....PODE
"
['1576039601793224705'],1576039601793224705,"Eu sou minoria, sou resultado da lei de cotas, a pol√≠tica motiva e mexe com o que tenho de mais valoroso. 
Tenho vivido dias imerso em informa√ß√µes e an√°lises, aquele misto de esperan√ßa e ang√∫stia. 
Espero que domingo possamos escrever um cap√≠tulo mais bonito pra hist√≥ria do Pa√≠s.",1,48,"Eu sou minoria, sou resultado da lei de cotas, a pol√≠tica motiva e mexe com o que tenho de mais valoroso. 
Tenho vivido dias imerso em informa√ß√µes e an√°lises, aquele misto de esperan√ßa e ang√∫stia. 
Espero que domingo possamos escrever um cap√≠tulo mais bonito pra hist√≥ria do Pa√≠s."
['1576039593983455233'],1576039593983455233,"Mo medo dessa pol√≠tica, vou ficar em casa pra n√£o partir dessa pra pior",-1,14,"Mo medo dessa pol√≠tica, vou ficar em casa pra n√£o partir dessa pra pior"
['1576039593308135424'],1576039593308135424,"100% de saco cheio de pol√≠tica, de elei√ß√µes, de fanatismo, de debate virar circo.. deu pra mim!",-1,17,"100% de saco cheio de pol√≠tica, de elei√ß√µes, de fanatismo, de debate virar circo.. deu pra mim!"
['1576039591630450688'],1576039591630450688,"Mano perdi o pod cast do finn do peaky blinders no pod pah hj ,por causa dos alienados de pol√≠tica,tnc üñïüèæ",-1,21,"Mano perdi o pod cast do finn do peaky blinders no pod pah hj ,por causa dos alienados de pol√≠tica,tnc "
['1576039578372255746'],1576039578372255746,meu deus que ran√ßo do mundo inteiro nao gostou do que eu postei de politica discorde a√≠ na sua casa nao dou a minima pra sua opiniao,-1,27,meu deus que ran√ßo do mundo inteiro nao gostou do que eu postei de politica discorde a√≠ na sua casa nao dou a minima pra sua opiniao
['1576039577722441728'],1576039577722441728,"@quem @felipeneto QUE TIRO NO P√â.
BOLSONARO  FOI  INVENTAR  UM VENDEDOR  DE BIJUTERIAS  E VESTIU  O VIGARISTA DE  PADRE.
      BOLSONARO  E O PADRE  S√ÉO  DOIS  BANDIDOS VIGARISTA.
     O VAGABUNDO  AMIGO  DO BOZO √â VENDEDOR  DE BIJUTERIAS.....PODE
https://t.co/2tpUXod2Lg",-1,37,"  QUE TIRO NO P√â.
BOLSONARO  FOI  INVENTAR  UM VENDEDOR  DE BIJUTERIAS  E VESTIU  O VIGARISTA DE  PADRE.
      BOLSONARO  E O PADRE  S√ÉO  DOIS  BANDIDOS VIGARISTA.
     O VAGABUNDO  AMIGO  DO BOZO √â VENDEDOR  DE BIJUTERIAS.....PODE
"
['1576039576212189186'],1576039576212189186,"Genteee, t√¥ num ran√ßo dessa pol√≠tica ,os bolsonaristas est√£o achando q todo mundo e obrigado a votar nele ..pelo Amor de Deus ,se est√£o achando q est√£o t√£o fortes pra que ficar obrigando e bringando por causa de voto ..",-1,40,"Genteee, t√¥ num ran√ßo dessa pol√≠tica ,os bolsonaristas est√£o achando q todo mundo e obrigado a votar nele ..pelo Amor de Deus ,se est√£o achando q est√£o t√£o fortes pra que ficar obrigando e bringando por causa de voto .."
['1576039570940252161'],1576039570940252161,"eu e o kaique reclamando q as pessoas s√≥ fala em pol√≠tica, 5 mnt depois a gt em liga√ß√£o falando sobre a elei√ß√£o kkkkkkkkkk",0,24,"eu e o kaique reclamando q as pessoas s√≥ fala em pol√≠tica, 5 mnt depois a gt em liga√ß√£o falando sobre a elei√ß√£o kkkkkkkkkk"
['1576039565826981888'],1576039565826981888,"Pol√≠tica e o Krlh , quero √© saber j√° posso compra a nossa camisa do Brasil, pra nois assistir a copa do mundo dql jeitao vidaü´∂üèªüë©‚Äç‚ù§Ô∏è‚Äçüë®üòùüòÇüòÇ‚ù§Ô∏è",1,26,"Pol√≠tica e o Krlh , quero √© saber j√° posso compra a nossa camisa do Brasil, pra nois assistir a copa do mundo dql jeitao vidaü´∂‚Äç‚ù§Ô∏è‚Äç‚ù§Ô∏è"
['1576039564669378562'],1576039564669378562,"@petieds @murilohuff Ela faz falta por tudo Oq ela representava para o Brasil e mundo ; pq era a melhor cantora , a maior artista ,‚Ä¶‚ù§Ô∏è‚ù§Ô∏è , isso n√£o tem nada a v com pol√≠tica",1,35,"  Ela faz falta por tudo Oq ela representava para o Brasil e mundo ; pq era a melhor cantora , a maior artista ,‚Ä¶‚ù§Ô∏è‚ù§Ô∏è , isso n√£o tem nada a v com pol√≠tica"
['1576039562174173184'],1576039562174173184,n√£o vejo a hora de todo mundo parar e falar em pol√≠tica,0,12,n√£o vejo a hora de todo mundo parar e falar em pol√≠tica
['1576039560064036864'],1576039560064036864,@PetitoGabriel Vc t√° nessa de pol√≠tica tbm fio? Q fase em,-1,11, Vc t√° nessa de pol√≠tica tbm fio? Q fase em
['1576039559833714689'],1576039559833714689,"@lucas_musetti Mu7. Se atenha a falar do santos, cara! Deixa pol√≠tica pra quem ganha a vida com ela",0,18," Mu7. Se atenha a falar do santos, cara! Deixa pol√≠tica pra quem ganha a vida com ela"
['1576039558005010437'],1576039558005010437,discuss√£o de pol√≠tica pra mim √© o c√∫mulo,-1,8,discuss√£o de pol√≠tica pra mim √© o c√∫mulo
['1576039557514268672'],1576039557514268672,"@Verlando3 @Miltonneves @tavares_advg @ferdeg_renasce Isso tem de monte, mas voc√™ diz isso s√≥ porque ele se combateu o lula? Denovo, por quest√£o pol√≠tica tenta atacar a posi√ß√£o dele dentro de uma igreja, sem ao menos buscar ver se ele fez ou n√£o algo social, se ele pratica ou n√£o o cristianismo,  apenas e puramente rancor pol√≠tico",0,56,"    Isso tem de monte, mas voc√™ diz isso s√≥ porque ele se combateu o lula? Denovo, por quest√£o pol√≠tica tenta atacar a posi√ß√£o dele dentro de uma igreja, sem ao menos buscar ver se ele fez ou n√£o algo social, se ele pratica ou n√£o o cristianismo,  apenas e puramente rancor pol√≠tico"
['1576039551159582721'],1576039551159582721,Falta pouco para que nosso pa√≠s possa continuar no caminho da prosperidade e crescimento. N√£o reeleger nosso atual presidente √© uma trai√ß√£o com as presentes e futuras gera√ß√µes. A esquerda precisa ser dizimada ds hist√≥ria pol√≠tica brasileira. Sejamos vigilantes e persistentes.,1,41,Falta pouco para que nosso pa√≠s possa continuar no caminho da prosperidade e crescimento. N√£o reeleger nosso atual presidente √© uma trai√ß√£o com as presentes e futuras gera√ß√µes. A esquerda precisa ser dizimada ds hist√≥ria pol√≠tica brasileira. Sejamos vigilantes e persistentes.
['1576039550996320257'],1576039550996320257,"@TiagoCvr @_Ale_B_DiAS_ @cirogomes Ent√£o esquece o Ciro cara. Vai babar o santo Lula do limpo PT. D√° uma olhada na rejei√ß√£o do cara nas pesquisas, ele vai ganhar porque a rejei√ß√£o do Bolsonaro √© maior que a dele. Eu que voto por projeto, n√£o entendo de pol√≠tica, quem entende √© voc√™ que t√° apoiando o lado corrupto.",-1,57,"   Ent√£o esquece o Ciro cara. Vai babar o santo Lula do limpo PT. D√° uma olhada na rejei√ß√£o do cara nas pesquisas, ele vai ganhar porque a rejei√ß√£o do Bolsonaro √© maior que a dele. Eu que voto por projeto, n√£o entendo de pol√≠tica, quem entende √© voc√™ que t√° apoiando o lado corrupto."
['1576039538249543681'],1576039538249543681,"@felipeneto QUE TIRO NO P√â.
BOLSONARO  FOI  INVENTAR  UM VENDEDOR  DE BIJUTERIAS  E VESTIU  O VIGARISTA DE  PADRE.
      BOLSONARO  E O PADRE  S√ÉO  DOIS  BANDIDOS VIGARISTA.
     O VAGABUNDO  AMIGO  DO BOZO √â VENDEDOR  DE BIJUTERIAS.....PODE
https://t.co/2tpUXnUTx8",-1,36," QUE TIRO NO P√â.
BOLSONARO  FOI  INVENTAR  UM VENDEDOR  DE BIJUTERIAS  E VESTIU  O VIGARISTA DE  PADRE.
      BOLSONARO  E O PADRE  S√ÉO  DOIS  BANDIDOS VIGARISTA.
     O VAGABUNDO  AMIGO  DO BOZO √â VENDEDOR  DE BIJUTERIAS.....PODE
"
['1576039536748298241'],1576039536748298241,"Eu amo muito a m√∫sica pol√≠tica "" √© desespero √© desespero √© desespero",-1,13,"Eu amo muito a m√∫sica pol√≠tica "" √© desespero √© desespero √© desespero"
['1576039532084199424'],1576039532084199424,uma popula√ß√£o engajada e cansada da velha pol√≠tica tentando emplacar um projeto in√©dito na pol√≠tica cearense. a grande novidade? uma oligarquia. bora bora üôÑü§´,-1,24,uma popula√ß√£o engajada e cansada da velha pol√≠tica tentando emplacar um projeto in√©dito na pol√≠tica cearense. a grande novidade? uma oligarquia. bora bora ü§´
['1576039522479267842'],1576039522479267842,deus pfv chegue logo domingo pra acabar logo com essa putaria de pol√≠tica pelo amor de deus eu nao aguento maisssss,-1,21,deus pfv chegue logo domingo pra acabar logo com essa putaria de pol√≠tica pelo amor de deus eu nao aguento maisssss
['1576039522076282880'],1576039522076282880,"@CarmemRocco @Confiscada1961 @nacima_navajas @DagmarBorges @rocco_carmem @SouzaAidee @AssembleiaSP @carlaopignatari @rodrigogarcia_ @PSDB_SP @UOLNoticias @PSDBoficial @tvglobo @CNNBrasil @UOLNoticiass @vcamarinha @CONTELOPES @CelNishikawa @danieljosebr @danielbrsoares @del_brunolima @DelegadoOlim @DalbenDirceu Em pol√≠tica, o que n√£o √© poss√≠vel √© falso, Sr Rodrigo Garcia‚ùóO que disse no @fernandomitre, sobre o d√©ficit, √© falso‚ùóüì£ s√≥ que ele √ë ir√° p/o 2¬∞ turno!
Rodrigo Garcia Doria PSDB 
@tvglobo Tarc√≠sio
@UOLNoticias 
@PSDBoficial 
@carlaopignatari @rodrigogarcia_ 
#RodrigoGarciaFim https://t.co/2iIGoulwz6",-1,64,"                       Em pol√≠tica, o que n√£o √© poss√≠vel √© falso, Sr Rodrigo Garcia‚ùóO que disse no , sobre o d√©ficit, √© falso‚ùó s√≥ que ele √ë ir√° p/o 2¬∞ turno!
Rodrigo Garcia Doria PSDB 
 Tarc√≠sio
 
 
  
 "
['1576039521426190337'],1576039521426190337,"Rapaz essa Pol√≠tica Thalyta sempre ser√° minha L√≠der! Meu amigo, que ano de elei√ß√µes bel√≠ssimo üëèüèºüëèüèºüëèüèºüòé MINHA L√çDER",1,18,"Rapaz essa Pol√≠tica Thalyta sempre ser√° minha L√≠der! Meu amigo, que ano de elei√ß√µes bel√≠ssimo  MINHA L√çDER"
['1576039518007959553'],1576039518007959553,"@leoadostresm Mas isso √© muito precipitado pq o Murilo em momento nenhum disse que apoia o Bolsonaro, ele s√≥ n√£o quis expresse sua opini√£o pol√≠tica",0,25," Mas isso √© muito precipitado pq o Murilo em momento nenhum disse que apoia o Bolsonaro, ele s√≥ n√£o quis expresse sua opini√£o pol√≠tica"
['1576039516523024384'],1576039516523024384,Quem discute sobre pol√≠tica nem se apresenta,-1,7,Quem discute sobre pol√≠tica nem se apresenta
['1576039510726438912'],1576039510726438912,"@CassiusOIiveira Pol√≠tica, Religi√£o e Futebol n√£o se mistura.",0,8," Pol√≠tica, Religi√£o e Futebol n√£o se mistura."
['1576039502954393601'],1576039502954393601,"A besta discute a pol√≠tica toda e nem t√≠tulo tem
*autocr√≠tica",-1,11,"A besta discute a pol√≠tica toda e nem t√≠tulo tem
*autocr√≠tica"
['1576039497053065217'],1576039497053065217,√©poca de pol√≠tica √© insuport√°vel.,-1,5,√©poca de pol√≠tica √© insuport√°vel.
['1576039487758798848'],1576039487758798848,ate ey q adoro politica nao aguento mais https://t.co/CSyPptowdN,-1,9,ate ey q adoro politica nao aguento mais 
['1576039482339389444'],1576039482339389444,@joaoluizpedrosa Hum essa √© a pol√≠tica do seu candidato. Toma l√° da c√°. Kkk,-1,14, Hum essa √© a pol√≠tica do seu candidato. Toma l√° da c√°. Kkk
['1576039472084701184'],1576039472084701184,"se caralhos voc√™ n√£o quer falar sobre pol√≠tica, n√£o comente sobre pol√≠tica, voc√™ falando de pol√≠tica OBVIAMENTE outras pessoas ir√£o at√© voc√™ falando disso E OBVIAMENTE em algum momento elas ir√£o expressar sua opini√£o, n√£o adianta demonstrar que n√£o gosta, voc√™ come√ßou a falar",-1,44,"se caralhos voc√™ n√£o quer falar sobre pol√≠tica, n√£o comente sobre pol√≠tica, voc√™ falando de pol√≠tica OBVIAMENTE outras pessoas ir√£o at√© voc√™ falando disso E OBVIAMENTE em algum momento elas ir√£o expressar sua opini√£o, n√£o adianta demonstrar que n√£o gosta, voc√™ come√ßou a falar"
['1576039468695715841'],1576039468695715841,@gustamito22 Tem v√°rios problemas...inclusive oportunista duas caras pol√≠tica,-1,8, Tem v√°rios problemas...inclusive oportunista duas caras pol√≠tica
['1576039459887669249'],1576039459887669249,"@MagoSpartan Se quer pol√≠tica leia Duna, o foco √© esse, √© bem mais pol√≠tico que GOT, e as batalhas s√£o de escopo absurdo.",0,23," Se quer pol√≠tica leia Duna, o foco √© esse, √© bem mais pol√≠tico que GOT, e as batalhas s√£o de escopo absurdo."
['1576039456733155328'],1576039456733155328,",,                   QUE TIRO NO P√â.,
BOLSONARO  FOI  INVENTAR  UM VENDEDOR  DE BIJUTERIAS  E VESTIU  O VIGARISTA DE  PADRE.
      BOLSONARO  E O PADRE  S√ÉO  DOIS  BANDIDOS VIGARISTA.
     O VAGABUNDO  AMIGO  DO BOZO √â VENDEDOR  DE BIJUTERIAS.....PODE
https://t.co/2tpUXnUTx8",-1,36,",,                   QUE TIRO NO P√â.,
BOLSONARO  FOI  INVENTAR  UM VENDEDOR  DE BIJUTERIAS  E VESTIU  O VIGARISTA DE  PADRE.
      BOLSONARO  E O PADRE  S√ÉO  DOIS  BANDIDOS VIGARISTA.
     O VAGABUNDO  AMIGO  DO BOZO √â VENDEDOR  DE BIJUTERIAS.....PODE
"
['1576039456552853504'],1576039456552853504,a pessoa n√£o tem nem idade pra votar e ainda quer brigar por pol√≠tica KKKKKKKKKKKKKKKKKKK q piada,-1,17,a pessoa n√£o tem nem idade pra votar e ainda quer brigar por pol√≠tica KKKKKKKKKKKKKKKKKKK q piada
['1576039448760156161'],1576039448760156161,"A corrup√ß√£o de Lula n√£o causou estrago s√≥ no Brasil mas em diversos pa√≠ses. Um deles foi os EUA do qual a pr√≥pria justi√ßa obrigou a Petrobras a indenizar os investidores. De per si, isto n√£o tem a ver com pol√≠tica mas com as v√≠timas de um crime praticado por uma quadrilha.",-1,52,"A corrup√ß√£o de Lula n√£o causou estrago s√≥ no Brasil mas em diversos pa√≠ses. Um deles foi os EUA do qual a pr√≥pria justi√ßa obrigou a Petrobras a indenizar os investidores. De per si, isto n√£o tem a ver com pol√≠tica mas com as v√≠timas de um crime praticado por uma quadrilha."
['1576039448093265920'],1576039448093265920,eu n aguento mais essa gnt falando de pol√≠tica deus q me perdoe,-1,13,eu n aguento mais essa gnt falando de pol√≠tica deus q me perdoe
['1576039446331281409'],1576039446331281409,@Emanuel_Jrz @jairbolsonaro @MariaFdaCabal O Brasil n√£o quer mais essa gangue na pol√≠tica. https://t.co/3JaxUvBiEo,1,13,   O Brasil n√£o quer mais essa gangue na pol√≠tica. 
['1576039441797623808'],1576039441797623808,"As loira odonto de CP criticaram minha opini√£o pol√≠tica.
Algo me diz que eu estou cert√≠ssimo",-1,16,"As loira odonto de CP criticaram minha opini√£o pol√≠tica.
Algo me diz que eu estou cert√≠ssimo"
