edit_history_tweet_ids,id,text,label
['1597677957006303234'],1597677957006303234,@senadorhumberto Olha a√≠ a foto do senador dr√°cula e o ladr√£o https://t.co/aAxWQZOHjH,-1
['1597677934755520512'],1597677934755520512,"@EduGiraoOficial Boa tarde Senador, gentileza, informar por qual canal podemos assistir a audi√™ncia p√∫blica. Queira divulgar em suas redes. Obrigado.",0
['1597677909560373249'],1597677909560373249,"@randolfeap Eita mais vc √© ativo quando a esquerda est√° no poder, est√° com muita pressa para voltar a corrup√ß√£o!
Calma ex senador!",-1
['1597677903461785600'],1597677903461785600,@EduGiraoOficial √â tarde Senador Gir√£o. N√≥s N√ÉO vamos sair da porta dos quart√©is. L√° √© o √∫nico lugar no mundo que quero estar hoje. Voc√™s abandonaram o Brasil e os brasileiros!! Nunca mais confiaremos em nenhum pol√≠tico que habita esse covil. S√≥ Bolsonaro e as FFAA que nos tira daqui,0
['1597677735224446978'],1597677735224446978,@enzo_nil @reportersalles ROMARIO √â SENADOR DEPUTADO √â ESSA TROLHA A√ç ü§£ü§£ü§£ https://t.co/s5d2HJKp0b,-1
['1597677627476946945'],1597677627476946945,Olha com √© bonzinho ele gente!!! Pensando nos pobres sempre n√© senador!!! https://t.co/PcLalhYAwf,-1
['1597677604911616001'],1597677604911616001,"@darioberger 
Senador Vergonha para Santa Catarina.
Assinou a PEC da Gastan√ßa; PEC do ROMBO. https://t.co/cO4X7u3lfW",-1
['1597677589983698944'],1597677589983698944,"Randolfe Rodrigues, al√©m de ‚Äúalugar‚Äù o STF agora resolveu acionar tamb√©m a FIFA contra conservadores https://t.co/ZYNzWpLVAv 
O que esse mequetrefe disfar√ßado de senador merece?
Total rep√∫dio, em defender um lar√°pio como todos que apoiam o partido do lar√°pio mor! kkk pra ele!",-1
['1597677562649772032'],1597677562649772032,@randolfeap Senador pau no cool!!,-1
['1597677548624056320'],1597677548624056320,@randolfeap Esse senador acha que engana as pessoas. Voc√™s est√£o √© loteando o governo com corruptos. S√≥ os membros da equipe de transi√ß√£o t√™m capivara que d√° voltas ao mundo.,-1
['1597677511839985665'],1597677511839985665,"@CAndre51 @JanainaDoBrasil Isso, fiquem na porta dos quart√©is. Fa√ßam esse papel rid√≠culo. Lutem por moinhos de vento e ignorem a verdade. Ignorem que a √∫nica coisa que √© necess√°ria no pa√≠s √© mudar as leis e normatizar as que tem. Ignorem que Supremo s√≥ cumpre leis...mas quem faz √© deputado e senador.",-1
['1597677455581806592'],1597677455581806592,@Heinzeoficial S√≥ assisto se o Senador convidar a Mia Khalifa para explicar a pol√™mica dela! Fa√ßa um bem para a nossa na√ß√£o Senador e convide a Mia Kalhifa!,0
['1597677323842912256'],1597677323842912256,@LUCIANA92045426 @liciane_vianna @ProfessorBellei A√≠ vc j√° baseia no pol√≠tico: vice e rec√©m senador Mour√£o. Kkk,0
['1597677121488711680'],1597677121488711680,"@LordFabriccio Que lixo de senador, se esquece que somos n√≥s que pagamos os gordos sal√°rios e as mordomias.",-1
['1597677093847957505'],1597677093847957505,Quem nao te conhece que te compra senador. https://t.co/n1zr9LWc34,-1
['1597677006602526722'],1597677006602526722,"@EduGiraoOficial Par√° n√£o tem Senador, tem sim sanguessugas do dinheiro p√∫blico. Vergonhoso para nosso estado.",-1
['1597676863052054528'],1597676863052054528,"@esperidiaoamin_ Senador, parab√©ns. Mas queremos que os militares resolvam o problema. Toda ajuda honesta e s√©ria √© bem vinda, mas queremos uma solu√ß√£o militar, de acordo com o artigo constitucional 142. O povo se cansou de esperar por voc√™s.",1
['1597676848053645313'],1597676848053645313,"@EduGiraoOficial Exmo.Senador, est√° mais parecendo uma confiss√£o de impot√™ncia. Ent√£o um Senador da Rep√∫blica n√£o pode nada ? O Exmo. Senador Rondolfe Rodrigues pode tudo como ? Existem 2 tipos de Senadores ? Os sal√°rios s√£o diferentes ?",0
['1597676513545310208'],1597676513545310208,"@o_antagonista @BolsonaroSP Entregar pen-drive no est√°dio tirando fotinha,a me poupe senador kkkk",-1
['1597676481400156160'],1597676481400156160,"O Lula n√£o vai subir a rampa, senador burro e idiota! https://t.co/SXccjb5ezI",-1
['1597676473120591872'],1597676473120591872,"@randolfeap Senador, divide seu sal√°rio comigo? Vamos dar o exemplo de socialismo.",0
['1597676404854116352'],1597676404854116352,Senador Georgino Avelino Minha Cidade: RN registra 421 casos de covid-19 nas √∫ltimas 24 h... https://t.co/V9R5pr5t4V,-1
['1597676404535357441'],1597676404535357441,"@randolfeap Que HIPOCRISIA, senador.
A verdadeira inten√ß√£o de voc√™s √© acabar com a Liberdade do brasileiro, deixando o pobre mais  pobre e sem nenhuma dignidade.",-1
['1597676322238894081'],1597676322238894081,@saulchristos @taoquei1 Bom saber sr senador  do estado de Santa Catarina Dario Berger.,0
['1597676128868925440'],1597676128868925440,"@Heinzeoficial Desculpa Senador , mas o STF vai a Nova York, mas n√£o Atravessar√° a Avenida para ir ao senado. N√£o acredito na Presen√ßa deles.",r
['1597676122812354560'],1597676122812354560,Senador e ex ministro da Girandola t√° l√° tbm kkkkkk chupa bando de transtornado https://t.co/rXT6PDT1I7 https://t.co/DX0AVe1iqw,-1
['1597676057960013826'],1597676057960013826,"@randolfeap A pec que vai falir o Brasil, estaremos anotando o nome de cada senador para lembrar o povo constantemente disso!",-1
['1597676005065256960'],1597676005065256960,"@EduGiraoOficial Senador Gir√£o vc n√£o podem deixar est√° pec passar, e dever de vcs senadores.",1
['1597675993132863489'],1597675993132863489,"@Rconstantino Mas o Randolfe, que diz que √© senador, fala de ""cadelas do fascismo"". O que vc espera do estagi√°rio? https://t.co/KIYn4scNkE",-1
['1597675987465928704'],1597675987465928704,"üö®Requerimento de convite do Senador Eduardo Gir√£o, foram aprovados, os convidados s√£o...

Marcos Sintra
Ivan Sartori ex-magistrado, desembargador do (TJ-SP)
B√°rbara Destefani do Canal Te Atualizei
Jose Alberto Simonetti presidente da OAB https://t.co/PdODQkkvCC",0
['1597675961092186112'],1597675961092186112,"Bem pessoal se n√£o querem ser importunado pela esquerda, fa√ßam como eu que bloqueio todo e qualquer artista, cantor,pessoa p√∫blica, senador,deputado,jornalista,comentarista,bloqueio etc.",r
['1597675782536847360'],1597675782536847360,"@ArnsFlavio Senador, n√£o acredito que o seu nome est√° naquela lista de 28 senadores que s√£o a favor da PEC do teto do rombo. N√£o envergonhe os seus eleitorados. Pelo amor de Deus, car√°ter e dignidade acima dos interesses pessoais.",-1
['1597675732297166848'],1597675732297166848,"@socioambiental @SenadoFederal @acirgurgacz Senador Relator @acirgurgacz , do @PDT_Nacional @PDTMT_  √© necess√°rio discutir o PL DO VENENO com mais profundidade pela sociedade e representantes dos mais afetados! Retire-o de pauta!",-1
['1597675678878822400'],1597675678878822400,"üí∞Equipe de Lula quer ampliar ‚Äòm√≠nimo existencial‚Äô, hoje em R$ 303, para evitar superendividamento das fam√≠lias

Senador eleito Fl√°vio Dino (PSB-MA) afirma que novo governo dele elevar valor que precisa ser preservado em renegocia√ß√µes com bancos",0
['1597675678769778688'],1597675678769778688,Senador corre para pautar impeachment  de ministro do STF e j√° fala da CPI da lava  toga https://t.co/OzTEug9A3h via @FacebookWatch,0
['1597675670754033664'],1597675670754033664,@randolfeap Vc n√£o vai conseguir senador DPVAT! Pode ter certeza! VC N√ÉO VAI CONSEGUIR!!,-1
['1597675451329101824'],1597675451329101824,"@carlosjordy @FernandoHoliday S√≥ entrar com uma representa√ß√£o no STF, o senador DPVAT toda a hora entra com uma a√ß√£o l√°, pq os deputados de direita n√£o fazem o mesmo? Por mais que n√£o de em nada, pelo menos algu√©m tentou algo! Ficar gravando v√≠deo n√£o vai mudar nada!",0
['1597675443075043328'],1597675443075043328,"@EduGiraoOficial Que desgosto com essas institui√ß√µes brasileiras, s√≥ aprovam ou julgam mat√©rias que s√£o ruins para o pa√≠s! Muito triste mesmo, parab√©ns ao nobre Senador Gir√£o que ainda nos alerta e vota contra essas injusti√ßas!",1
['1597675399722303489'],1597675399722303489,"@randolfeap Nunca passar√°.
Senador DPVAT.",-1
['1597675299868934144'],1597675299868934144,"Que o Congresso d√™ aten√ß√£o as PEC do bolsa fam√≠lia e a do senador J.Serra, ambas t√™m assinaturas. https://t.co/bmCEOvXiAE",0
['1597675233213042689'],1597675233213042689,@randolfeap A sua fome de poder senador?,-1
['1597675224824426496'],1597675224824426496,@EduGiraoOficial Vamos ver em que lado os ilustr√≠ssimos senadores est√£o! Ao lado do povo ou de uma classe que ganha muito mais que a m√©dia do brasileiro. Enfim para esse tipo propositura o senador @rodrigopacheco ver urg√™ncia em colocar para vota√ß√£o. Bastante seletivo nas suas pautas. #vergonha,-1
['1597675065688064000'],1597675065688064000,"@SenadoFederal @acirgurgacz Senador @acirgurgacz, voc√™ quer ficar conhecido por abrir caminho para o descontrole no uso de agrot√≥xicos, que causam doen√ßas graves e deforma√ß√µes em fetos? 

Vamos retirar da pauta da Comiss√£o de Agricultura do @SenadoFederal.

#N√£oAoPacoteDoVeneno
#BancadaDoC√¢ncer https://t.co/nwDOSxp0no",-1
['1597675045081743360'],1597675045081743360,"@NarcisoLJr @gazetadopovo @gprepublica N√£o sou ministro, n√£o sou senador, n√£o sou procurador.",0
['1597674887354908672'],1597674887354908672,"@KriskaCarvalho O Pai Presidente da Rep√∫blica, em N.Y. com a comitiva comeram na cal√ßada da churrascaria e o Filho Senador da rep√∫blica espera o embarque sentado no Ch√£o do aeroporto?!√â isso mesmo?! A que N√çVEL chegaram nossas Autoridades!? Ao mais baixo!",r
['1597674839309180929'],1597674839309180929,@elizianegama quero ver essa senador entrar no twiter em fevereiro para explicar a merda toda.,-1
['1597674835714650112'],1597674835714650112,"@EduGiraoOficial O pachuecuzinho vulgo BANAN√ÉO fazendo o que faz de melhor, sendo subserviente ao TOGAQUIST√ÉO de cal√ßa arriada e de quatro. Desculpe senador mas o seu senado √© uma VERGONHA, um bando de sanguessugas aloprados parasitas.",-1
['1597674817947594753'],1597674817947594753,@randolfeap A PEC venezuelana √© senador.,-1
['1597674811249283073'],1597674811249283073,@randolfeap Senador libera os nomes. Curiosa pra saber se o 01 assinou.,0
['1597674734036344833'],1597674734036344833,Senador Jos√© Antonio Cruz √Ålvarez Lima https://t.co/PD5ZbdmCoE,0
['1597674675026677760'],1597674675026677760,"Lindenberg Farias. Senador! (üò≥) Diz na Globonews q Lira vai estar junto, ma non troppo. @octavio_guedes, muito s√©rio, resume: quer dizer que vai estar junto mas n√£o vai ser chamado de ‚Äúcompanheiro‚Äù? Rs. Valeu, Guedinho.",r
['1597674658186526720'],1597674658186526720,@senadorhumberto Vc est√° tirando sarro e dos brasileiros seu imbecil.. senador de merda ... muito bom ... isso s√≥ diz uma coisa..como vc realmente sim importa com o nosso pa√≠s.  Lament√°vel,-1
['1597674589449900032'],1597674589449900032,"O senador Rodrigo Pacheco √© um retrocesso, um trambolho para o Brasil na presid√™ncia do senado. N√£o fez absolutamente nada para o bem do Brasil e agora quer celeridade nesse absurdo visando seus pr√≥prios interesses. https://t.co/EDKMIvt8Hj",-1
['1597674502464282624'],1597674502464282624,"@renancalheiros Nobre senador. Fiquei sabendo do chamado ""pacot√£o da democracia"" q foi proposto p. ser debatido e votado. Gostaria de uma sugest√£o: proibir usar a bandeira e s√≠mbolos nacionais para identifica√ß√£o de apenas um grupo pol√≠tico. #democraciasempre",0
['1597674364484583424'],1597674364484583424,"@Heinzeoficial @SenadoFederal Senador‚Ä¶ nada de aprovar a PEC da gastan√ßa, do aumento do Judici√°rio e da atualiza√ß√£o da lei do impeachment. O RS est√° de olho.",0
['1597674337368412161'],1597674337368412161,"@ArnsFlavio Que vergonha senador assinando uma PEC pra quebrar o Brasil!!!! Qdo o Brasil estiver sangrando, vc ter√° esse sangue nas m√£os! Revoltante!!!!",-1
['1597674329038548993'],1597674329038548993,"@carlosaviana OBRIGADO SENADOR,  PASSEI HOJE CEDO ESTE PEDIDO POR SER SEU ELEITOR, VAMOS BOTAR ESTA CAMBADA DE GAFANHOTOS ü¶ó PARA CORRER",1
['1597674261329907712'],1597674261329907712,@senadorhumberto Essas mentiras q 33 milh√µes de pessoas passam fome ja caiu por terra..toma vergonha na cara senador. https://t.co/ltLMPxXIAL,-1
['1597674254685937666'],1597674254685937666,"Pela primeira vez desde as elei√ß√µes, o vice-presidente eleito Geraldo Alckmin (PSB) e o vice-presidente e senador eleito Hamilton Mour√£o (Republicanos-RS) se reuniram, na manh√£ desta ter√ßa-feira (29), de forma presencial no Pal√°cio do Planalto.

https://t.co/dGCOPyzzVq",0
['1597674213355454464'],1597674213355454464,@randolfeap Precisa de 2/3 e estes 33 senadores est√£o longe disso... s√≥ Pau Mandado e senador em busca de carguinho assinou essa palha√ßada.,-1
['1597674098561527808'],1597674098561527808,@EduGiraoOficial excelente senador. vou procurar minha senadora para pedir mesmo posicionamento.,1
['1597674084284116994'],1597674084284116994,@PlinioValerio45 Meu senador n√£o deixa esses ministro rasgaram a constitui√ß√£o.,1
['1597674056710774784'],1597674056710774784,"@lhdagostin @JaspionRedPiLLL @ArnsFlavio Esse senador √© da fam√≠lia Arns, amiga do PSDB, logo, amiga de petista.",0
['1597673968814723073'],1597673968814723073,"Relator prop√µe concurso e reajuste no PLOA 2023. O senador Marcelo Castro (MDB/PI), apresentou seu parecer preliminar, voltado aos par√¢metros e crit√©rios que dever√£o ser obedecidos na elabora√ß√£o do relat√≥rio.

üëâLeia mais em: https://t.co/fRfd4phY6T

#anffasindical https://t.co/KtMPZsJixF",0
['1597673857120628737'],1597673857120628737,Isso Senador üëèüëèüëèüëèüáßüá∑üáßüá∑üáßüá∑üáßüá∑üáßüá∑ https://t.co/hEBucQgJA7,1
['1597673828146352128'],1597673828146352128,@EduGiraoOficial Senador @EduGiraoOficial podemos contar com sua articula√ß√£o para elei√ß√£o do candidato alinhado ao presidente Bolsonaro para a presid√™ncia do senado?,0
['1597673747984445441'],1597673747984445441,"@TerraBrasilnot Meu senador me decepcionou na elei√ß√£o, mas pelo menos n√£o assinou a PEC, e o seu?",0
['1597673691290427392'],1597673691290427392,@tassojereissati boa tarde senador! vamo assinar a PEC da transi√ß√£o? brigada.,0
['1597673686248886272'],1597673686248886272,"@randolfeap Gratid√£o por toda a luta, Senador. O povo brasileiro precisa saber quem realmente luta por ele. VIVA o Brasil. VIVA o povo brasileiro ü§©üáßüá∑ü§© https://t.co/LebXhnPRFe",1
['1597673508511023104'],1597673508511023104,"Simone Tebet (MDB/MS)
‚Ä¢26. Senador Conf√∫cio Moura (MDB/RO)
‚Ä¢27. Senador S√©rgio Petec√£o (PSD/AC)
‚Ä¢28. Senadora Rose de Freitas (MDB/ES)",0
['1597673506648780800'],1597673506648780800,"‚Ä¢19. Senador Acir Gurgacz (PDT/RO)
‚Ä¢20. Senadora Mailza Gomes (PP/AC)
‚Ä¢21. Senador Otto Alencar (PSD/BA)
‚Ä¢22. Senadora Leila Barros (PDT/DF)
‚Ä¢23. Senador Omar Aziz (PSD/AM)
‚Ä¢24. Senadora Nilda Gondim (MDB/PB)
‚Ä¢25. Senadora",r
['1597673504778121216'],1597673504778121216,"‚Ä¢13. Senadora Eliziane Gama (CIDADANIA/MA)
‚Ä¢14. Senador Carlos F√°varo (PSD/ MT)
‚Ä¢15. Senador Veneziano Vital do R√™go (MDB/PB)
‚Ä¢16. Senador Paulo Rocha (PT/PA)
‚Ä¢17. Senador Jader Barbalho (MDB/PA)
‚Ä¢18. Senador Jaques Wagner (PT/BA)",r
['1597673502999711744'],1597673502999711744,"‚Ä¢6. Senadora Zenaide Maia (PROS/RN)
‚Ä¢7. Senador Paulo Paim (PT/RS)
‚Ä¢8. Senador Fabiano Contarato (PT/ES)
‚Ä¢9. Senador Fl√°vio Arns (PODEMOS/PR)
‚Ä¢10. Senador Telm√°rio Mota (PROS/RR)
‚Ä¢11. Senador Randolfe Rodrigues (REDE/AP)
‚Ä¢12. Senador Humberto Costa (PT/PE)",r
['1597673501032271872'],1597673501032271872,"Senadores que assinaram a PEC do Rombo Senadores que assinaram a PEC
‚Ä¢1. Senador Marcelo Castro (MDB/PI)
‚Ä¢2. Senador Alexandre Silveira (PSD/MG)
‚Ä¢3. Senador Jean Paul Prates (PT/RN)
‚Ä¢4. Senador D√°rio Berger (PSB/SC)
‚Ä¢5. Senador Rog√©rio Carvalho (PT/SE)",r
['1597673460377194496'],1597673460377194496,@DeputadoFederal Uma cambada de senador sem car√°ter querendo destruir o pa√≠s.,-1
['1597673455725342720'],1597673455725342720,"@movadvdireitabr O finado Senador Major Ol√≠mpio com certeza n√£o aprovaria isso. Fico feliz que o  seu suplente, Senador Giordano, n√£o tenha aderido a essa aberra√ß√£o econ√¥mica.",1
['1597673364600270848'],1597673364600270848,"De SC, apenas o senador @darioberger assinou. Os outros 2 senadores n√£o parecem preocupados em combater a fome e nem mesmo em colaborar para se fazer cumprir uma promessa do pr√≥prio candidato deles e que estava fora do or√ßamento 2023. https://t.co/4fCDLYNPhQ",-1
['1597673248397090818'],1597673248397090818,"ta uma pouca vergonha esse col√©gio aqui de senador, deus me livre",-1
['1597673216931426304'],1597673216931426304,Esse senador est√° sabotando o trabalho da transi√ß√£o com suas palavras #GloboNews,-1
['1597673157049331712'],1597673157049331712,"Senador, o Pol√≠tico com e sem mandato, √©  um natural empregado do povo, eleitor e contribuinte, ou seja, o que elege e o povo que renumeram esses pol√≠ticos. https://t.co/bONVCuOnOD",0
['1597673156592144384'],1597673156592144384,@MemeeNovinha @BronzeVitoria E em senador c√¢mara,0
['1597673154071363584'],1597673154071363584,"@rmelo83407116 @XogumBr @EduardoJorge Ent√£o ..vamos falar de centr√£o?  Enquanto vcs estao nos quarteis, o que acontece no congresso?  
√â sobre isso. Tem certos politicos usando esse movimento como moeda de troca. √â s√≥ bucha de canh√£o. Em troca de cargo, de mans√£o, de lei p TODO  ex presidente virar senador..",-1
['1597673093312704512'],1597673093312704512,"@GeneralMourao Esse processo t√° mal mesmo general. Ter voc√™ como senador eleito s√≥ prova que muita coisa t√° errada, em muitos n√≠veis.",-1
['1597673007669182464'],1597673007669182464,@fbezerracoelho @raquellyra Senador‚Ä¶ o Sr assinando a PEC da gastan√ßa. Surpreendente,-1
['1597672955517206528'],1597672955517206528,"@jeanwyllys_real Gen.Mour√£o, senador.",0
['1597672931974606848'],1597672931974606848,@PeKelmon 1‚Ä¢ N√£o se pode deixar mudar a lei do impeachment q est√° sendo proposta agora. 2‚Ä¢ Os futuros Senadores precisam fazer uma PEC onde qualquer Senador possa colocar em pauta e fica trancada as demais vota√ß√µes enquanto esta n√£o for feita,0
['1597672922927464448'],1597672922927464448,"@randolfeap Por que vcs n√£o come√ßam a pensar em trazer mais empresas para o Brasil, assim v√£o criar mais empregos e os brasileiros n√£o v√£o precisar de bolsa fam√≠lia o que vc acha Senador. Por que nesse tempo todo que vc ficou a√≠ vc n√£o fez nada para o povo agora vc quer fazer me poupe",-1
['1597672770099290113'],1597672770099290113,@TerraBrasilnot O senador que respeitar o seu povo vota em Rog√©rio Marinho e n√£o apoia o Rodrigo Pacheco @SenadoFederal acordem. O povo Brasileiro n√£o vai esquecer quem trair o Povo,1
['1597672545037471744'],1597672545037471744,@IvanCepedaCast Listo para ser senador o ministro ü§°ü§°ü§°ü§°ü§°ü§°ü§°ü§°,0
['1597672449763528704'],1597672449763528704,"Quem eu apoiei nesse ano (2022)?

Presidente: 1o Turno: Felipe D'√Åvilla (Novo)
                     2o turno: Jair Bolsonaro (PL)

Senador: Nulo

Deputado Estadual: Voto na legenda (NOVO)

Deputado Federal: Marcos Pollon (PL)

Governador: Capit√£o Contar (PRTB) (Dois turnos)",r
['1597672412493262848'],1597672412493262848,"@SenadorKajuru Senador,. s√≥ n√£o coadune com est√° quadrilha que volta a cena do crime. Continue no enfrentamento contra o ativismo e abuso judicial.",1
['1597672196025253888'],1597672196025253888,"@movadvdireitabr Que decep√ß√£o Senador Fl√°vio Arns, ou melhor que vergonha para o Paran√° üòû",-1
['1597672111363223554'],1597672111363223554,"@AndreJanonesAdv @TCUoficial tem informa√ß√µes se a viagem foi paga c recursos p√∫blicos? Pq na agenda do senador ele diz q est√° em Bsb enquanto estava mesmo √© no Catar. Ou seja,  recebeu por dias de trabalho viajando a passeio.",0
['1597672034833936384'],1597672034833936384,"@BernardoMF @zehdeabreu S√≥ eu acho que Mour√£o, desde que se elegeu senador, t√° sempre com um risinho debochado pra Bolsonaro?",0
['1597671997622091776'],1597671997622091776,@ArnsFlavio Conta pra gente a√≠ senador de onde vai ser tirado o dinheiro para esse rombo no teto de gastos que o Sr. assinou concordando??? Votei no Sr. e quero uma explica√ß√£o bem clara sobre isso!!!,0
['1597671577126330368'],1597671577126330368,"@conexaopolitica @ALOT100 Solta o cara !!!   Lula precisa de ajuda ,,   E ainda teremos um novo prefeito no rio.  E quem sabe nosso novo presidente !!!  Senador tb cabe !!!  Pqp!!!",1
['1597671563473850368'],1597671563473850368,"@FlavioArnsPR Senador.Como √© que que voc√™ assina a PEC do rombo proposta peo PT.O PT quer a gastan√ßa. O PT tem de roubar menos.Rombo ao teto significa mais infla√ß√£o, prejudicando principalmente os mais humildes.Voc√™ viu que n√£o se reelegeu. Se n√£o tirar a assinatura n√£o te elegemos a mais nada",-1
['1597671555886354432'],1597671555886354432,"@senadorhumberto Senador, q tanto lero, lero... A turminha tem a obriga√ß√£o d cumprir tudo q prometeu. Deixe d ficar culpando os outros, ""s√≥ falta um pouquinho mais d 30 dias"". Pelo O prometido j√° em 1¬∞ d 2023 janeiro, ser√° tudo resolvido s/choro. Esse tal d""L de vcs, parece poderoso"". Aguardamos.",-1
['1597671514844721152'],1597671514844721152,@TerraBrasilnot @MarcoAnto43 S√≥ presta pra isso essa porcaria de senador. Os outros est√£o babando √† espera do aumento. Sa fa dos. ü§¨,-1
['1597671493412216832'],1597671493412216832,@senadorhumberto Senador aberto costa voc√™ deveria experimentar este suposit√≥rio para prevenir covid-19. https://t.co/e32kQXY47h,0
